"";"...1";"Taxa";"matched_name2";"confidence";"canonicalName";"kingdom";"phylum";"class";"order";"family";"genus";"species";"rank"
"1";1;"juncus effusus l.";"Juncus effusus";98;"Juncus effusus";"Plantae";"Tracheophyta";"Liliopsida";"Poales";"Juncaceae";"Juncus";"Juncus effusus";"SPECIES"
"2";2;"filipendula ulmaria (l.) maxim.";"Filipendula ulmaria";98;"Filipendula ulmaria";"Plantae";"Tracheophyta";"Magnoliopsida";"Rosales";"Rosaceae";"Filipendula";"Filipendula ulmaria";"SPECIES"
"3";3;"epilobium hirsutum l.";"Epilobium hirsutum";97;"Epilobium hirsutum";"Plantae";"Tracheophyta";"Magnoliopsida";"Myrtales";"Onagraceae";"Epilobium";"Epilobium hirsutum";"SPECIES"
"4";4;"poa trivialis l.";"Poa trivialis";98;"Poa trivialis";"Plantae";"Tracheophyta";"Liliopsida";"Poales";"Poaceae";"Poa";"Poa trivialis";"SPECIES"
"5";5;"urtica dioica l.";"Urtica dioica";97;"Urtica dioica";"Plantae";"Tracheophyta";"Magnoliopsida";"Rosales";"Urticaceae";"Urtica";"Urtica dioica";"SPECIES"
"6";6;"ranunculus repens l.";"Ranunculus repens";98;"Ranunculus repens";"Plantae";"Tracheophyta";"Magnoliopsida";"Ranunculales";"Ranunculaceae";"Ranunculus";"Ranunculus repens";"SPECIES"
"7";7;"deschampsia cespitosa (l.) p.beauv.";"Deschampsia cespitosa";99;"Deschampsia cespitosa";"Plantae";"Tracheophyta";"Liliopsida";"Poales";"Poaceae";"Deschampsia";"Deschampsia cespitosa";"SPECIES"
"8";8;"alnus glutinosa (l.) gaertn.";"Alnus glutinosa";98;"Alnus glutinosa";"Plantae";"Tracheophyta";"Magnoliopsida";"Fagales";"Betulaceae";"Alnus";"Alnus glutinosa";"SPECIES"
"9";9;"holcus lanatus l.";"Holcus lanatus";99;"Holcus lanatus";"Plantae";"Tracheophyta";"Liliopsida";"Poales";"Poaceae";"Holcus";"Holcus lanatus";"SPECIES"
"10";10;"alopecurus geniculatus l.";"Alopecurus geniculatus";97;"Alopecurus geniculatus";"Plantae";"Tracheophyta";"Liliopsida";"Poales";"Poaceae";"Alopecurus";"Alopecurus geniculatus";"SPECIES"
"11";11;"ranunculus acris l.";"Ranunculus acris";97;"Ranunculus acris";"Plantae";"Tracheophyta";"Magnoliopsida";"Ranunculales";"Ranunculaceae";"Ranunculus";"Ranunculus acris";"SPECIES"
"12";12;"typha latifolia l.";"Typha latifolia";98;"Typha latifolia";"Plantae";"Tracheophyta";"Liliopsida";"Poales";"Typhaceae";"Typha";"Typha latifolia";"SPECIES"
"13";13;"carex hirta l.";"Carex hirta";98;"Carex hirta";"Plantae";"Tracheophyta";"Liliopsida";"Poales";"Cyperaceae";"Carex";"Carex hirta";"SPECIES"
"14";14;"phalaris arundinacea l.";"Phalaris arundinacea";98;"Phalaris arundinacea";"Plantae";"Tracheophyta";"Liliopsida";"Poales";"Poaceae";"Phalaris";"Phalaris arundinacea";"SPECIES"
"15";15;"dactylis glomerata l.";"Dactylis glomerata";99;"Dactylis glomerata";"Plantae";"Tracheophyta";"Liliopsida";"Poales";"Poaceae";"Dactylis";"Dactylis glomerata";"SPECIES"
"16";16;"cirsium oleraceum (l.) scop.";"Cirsium oleraceum";99;"Cirsium oleraceum";"Plantae";"Tracheophyta";"Magnoliopsida";"Asterales";"Asteraceae";"Cirsium";"Cirsium oleraceum";"SPECIES"
"17";17;"geum rivale l.";"Geum rivale";97;"Geum rivale";"Plantae";"Tracheophyta";"Magnoliopsida";"Rosales";"Rosaceae";"Geum";"Geum rivale";"SPECIES"
"18";18;"geum urbanum l.";"Geum urbanum";97;"Geum urbanum";"Plantae";"Tracheophyta";"Magnoliopsida";"Rosales";"Rosaceae";"Geum";"Geum urbanum";"SPECIES"
"19";19;"glechoma hederacea l.";"Glechoma hederacea";99;"Glechoma hederacea";"Plantae";"Tracheophyta";"Magnoliopsida";"Lamiales";"Lamiaceae";"Glechoma";"Glechoma hederacea";"SPECIES"
"20";20;"glyceria fluitans (l.) r.br.";"Glyceria fluitans";99;"Glyceria fluitans";"Plantae";"Tracheophyta";"Liliopsida";"Poales";"Poaceae";"Glyceria";"Glyceria fluitans";"SPECIES"
"21";21;"acer pseudoplatanus l.";"Acer pseudoplatanus";97;"Acer pseudoplatanus";"Plantae";"Tracheophyta";"Magnoliopsida";"Sapindales";"Sapindaceae";"Acer";"Acer pseudoplatanus";"SPECIES"
"22";22;"festuca rubra l.";"Festuca rubra";98;"Festuca rubra";"Plantae";"Tracheophyta";"Liliopsida";"Poales";"Poaceae";"Festuca";"Festuca rubra";"SPECIES"
"23";23;"ficaria verna huds.";"Ficaria verna";99;"Ficaria verna";"Plantae";"Tracheophyta";"Magnoliopsida";"Ranunculales";"Ranunculaceae";"Ficaria";"Ficaria verna";"SPECIES"
"24";24;"alopecurus pratensis l.";"Alopecurus pratensis";97;"Alopecurus pratensis";"Plantae";"Tracheophyta";"Liliopsida";"Poales";"Poaceae";"Alopecurus";"Alopecurus pratensis";"SPECIES"
"25";25;"ajuga reptans l.";"Ajuga reptans";99;"Ajuga reptans";"Plantae";"Tracheophyta";"Magnoliopsida";"Lamiales";"Lamiaceae";"Ajuga";"Ajuga reptans";"SPECIES"
"26";26;"cerastium fontanum var. vulgare (hartm.) greuter & burdet";"Cerastium fontanum vulgare";97;"Cerastium fontanum vulgare";"Plantae";"Tracheophyta";"Magnoliopsida";"Caryophyllales";"Caryophyllaceae";"Cerastium";"Cerastium holosteoides";"SUBSPECIES"
"27";27;"cirsium arvense (l.) scop.";"Cirsium arvense";99;"Cirsium arvense";"Plantae";"Tracheophyta";"Magnoliopsida";"Asterales";"Asteraceae";"Cirsium";"Cirsium arvense";"SPECIES"
"28";28;"galium aparine l.";"Galium aparine";99;"Galium aparine";"Plantae";"Tracheophyta";"Magnoliopsida";"Gentianales";"Rubiaceae";"Galium";"Galium aparine";"SPECIES"
"29";29;"iris pseudacorus l.";"Iris pseudacorus";99;"Iris pseudacorus";"Plantae";"Tracheophyta";"Liliopsida";"Asparagales";"Iridaceae";"Iris";"Iris pseudacorus";"SPECIES"
"30";30;"lathyrus pratensis l.";"Lathyrus pratensis";99;"Lathyrus pratensis";"Plantae";"Tracheophyta";"Magnoliopsida";"Fabales";"Fabaceae";"Lathyrus";"Lathyrus pratensis";"SPECIES"
"31";31;"veronica beccabunga l.";"Veronica beccabunga";97;"Veronica beccabunga";"Plantae";"Tracheophyta";"Magnoliopsida";"Lamiales";"Plantaginaceae";"Veronica";"Veronica beccabunga";"SPECIES"
"32";33;"silene dioica (l.) clairv.";"Silene dioica";97;"Silene dioica";"Plantae";"Tracheophyta";"Magnoliopsida";"Caryophyllales";"Caryophyllaceae";"Silene";"Silene dioica";"SPECIES"
"33";34;"argentina anserina (l.) rydb.";"Argentina anserina";99;"Argentina anserina";"Plantae";"Tracheophyta";"Magnoliopsida";"Rosales";"Rosaceae";"Argentina";"Argentina anserina";"SPECIES"
"34";35;"trifolium repens l.";"Trifolium repens";97;"Trifolium repens";"Plantae";"Tracheophyta";"Magnoliopsida";"Fabales";"Fabaceae";"Trifolium";"Trifolium repens";"SPECIES"
"35";36;"fraxinus excelsior l.";"Fraxinus excelsior";97;"Fraxinus excelsior";"Plantae";"Tracheophyta";"Magnoliopsida";"Lamiales";"Oleaceae";"Fraxinus";"Fraxinus excelsior";"SPECIES"
"36";37;"rumex acetosa l.";"Rumex acetosa";99;"Rumex acetosa";"Plantae";"Tracheophyta";"Magnoliopsida";"Caryophyllales";"Polygonaceae";"Rumex";"Rumex acetosa";"SPECIES"
"37";38;"rumex crispus l.";"Rumex crispus";97;"Rumex crispus";"Plantae";"Tracheophyta";"Magnoliopsida";"Caryophyllales";"Polygonaceae";"Rumex";"Rumex crispus";"SPECIES"
"38";39;"salix cinerea l.";"Salix cinerea";97;"Salix cinerea";"Plantae";"Tracheophyta";"Magnoliopsida";"Malpighiales";"Salicaceae";"Salix";"Salix cinerea";"SPECIES"
"39";40;"scirpus sylvaticus l.";"Scirpus sylvaticus";97;"Scirpus sylvaticus";"Plantae";"Tracheophyta";"Liliopsida";"Poales";"Cyperaceae";"Scirpus";"Scirpus sylvaticus";"SPECIES"
"40";41;"angelica sylvestris l.";"Angelica sylvestris";99;"Angelica sylvestris";"Plantae";"Tracheophyta";"Magnoliopsida";"Apiales";"Apiaceae";"Angelica";"Angelica sylvestris";"SPECIES"
"41";42;"geranium robertianum l.";"Geranium robertianum";99;"Geranium robertianum";"Plantae";"Tracheophyta";"Magnoliopsida";"Geraniales";"Geraniaceae";"Geranium";"Geranium robertianum";"SPECIES"
"42";43;"veronica chamaedrys l.";"Veronica chamaedrys";97;"Veronica chamaedrys";"Plantae";"Tracheophyta";"Magnoliopsida";"Lamiales";"Plantaginaceae";"Veronica";"Veronica chamaedrys";"SPECIES"
"43";44;"anthriscus sylvestris (l.) hoffm.";"Anthriscus sylvestris";99;"Anthriscus sylvestris";"Plantae";"Tracheophyta";"Magnoliopsida";"Apiales";"Apiaceae";"Anthriscus";"Anthriscus sylvestris";"SPECIES"
"44";45;"cardamine pratensis l.";"Cardamine pratensis";97;"Cardamine pratensis";"Plantae";"Tracheophyta";"Magnoliopsida";"Brassicales";"Brassicaceae";"Cardamine";"Cardamine pratensis";"SPECIES"
"45";46;"equisetum arvense l.";"Equisetum arvense";99;"Equisetum arvense";"Plantae";"Tracheophyta";"Polypodiopsida";"Equisetales";"Equisetaceae";"Equisetum";"Equisetum arvense";"SPECIES"
"46";47;"myosotis scorpioides l.";"Myosotis scorpioides";97;"Myosotis scorpioides";"Plantae";"Tracheophyta";"Magnoliopsida";"Boraginales";"Boraginaceae";"Myosotis";"Myosotis scorpioides";"SPECIES"
"47";48;"valeriana sambucifolia subsp. sambucifolia";"Valeriana sambucifolia sambucifolia";98;"Valeriana sambucifolia sambucifolia";"Plantae";"Tracheophyta";"Magnoliopsida";"Dipsacales";"Caprifoliaceae";"Valeriana";"Valeriana sambucifolia";"SUBSPECIES"
"48";49;"carex disticha huds.";"Carex disticha";97;"Carex disticha";"Plantae";"Tracheophyta";"Liliopsida";"Poales";"Cyperaceae";"Carex";"Carex disticha";"SPECIES"
"49";50;"eleocharis palustris (l.) roem. & schult.";"Eleocharis palustris";97;"Eleocharis palustris";"Plantae";"Tracheophyta";"Liliopsida";"Poales";"Cyperaceae";"Eleocharis";"Eleocharis palustris";"SPECIES"
"50";51;"equisetum fluviatile l.";"Equisetum fluviatile";99;"Equisetum fluviatile";"Plantae";"Tracheophyta";"Polypodiopsida";"Equisetales";"Equisetaceae";"Equisetum";"Equisetum fluviatile";"SPECIES"
"51";52;"galium palustre l.";"Galium palustre";97;"Galium palustre";"Plantae";"Tracheophyta";"Magnoliopsida";"Gentianales";"Rubiaceae";"Galium";"Galium palustre";"SPECIES"
"52";53;"lolium perenne l.";"Lolium perenne";98;"Lolium perenne";"Plantae";"Tracheophyta";"Liliopsida";"Poales";"Poaceae";"Lolium";"Lolium perenne";"SPECIES"
"53";54;"agrostis stolonifera l.";"Agrostis stolonifera";97;"Agrostis stolonifera";"Plantae";"Tracheophyta";"Liliopsida";"Poales";"Poaceae";"Agrostis";"Agrostis stolonifera";"SPECIES"
"54";55;"lysimachia nummularia l.";"Lysimachia nummularia";99;"Lysimachia nummularia";"Plantae";"Tracheophyta";"Magnoliopsida";"Ericales";"Primulaceae";"Lysimachia";"Lysimachia nummularia";"SPECIES"
"55";56;"persicaria amphibia (l.) delarbre";"Persicaria amphibia";97;"Persicaria amphibia";"Plantae";"Tracheophyta";"Magnoliopsida";"Caryophyllales";"Polygonaceae";"Persicaria";"Persicaria amphibia";"SPECIES"
"56";57;"schedonorus pratensis (huds.) p.beauv.";"Schedonorus pratensis";98;"Schedonorus pratensis";"Plantae";"Tracheophyta";"Liliopsida";"Poales";"Poaceae";"Lolium";"Lolium pratense";"SPECIES"
"57";58;"mentha aquatica l.";"Mentha aquatica";98;"Mentha aquatica";"Plantae";"Tracheophyta";"Magnoliopsida";"Lamiales";"Lamiaceae";"Mentha";"Mentha aquatica";"SPECIES"
"58";59;"rumex obtusifolius l.";"Rumex obtusifolius";97;"Rumex obtusifolius";"Plantae";"Tracheophyta";"Magnoliopsida";"Caryophyllales";"Polygonaceae";"Rumex";"Rumex obtusifolius";"SPECIES"
"59";60;"trifolium pratense l.";"Trifolium pratense";99;"Trifolium pratense";"Plantae";"Tracheophyta";"Magnoliopsida";"Fabales";"Fabaceae";"Trifolium";"Trifolium pratense";"SPECIES"
"60";61;"lemna minor l.";"Lemna minor";98;"Lemna minor";"Plantae";"Tracheophyta";"Liliopsida";"Alismatales";"Araceae";"Lemna";"Lemna minor";"SPECIES"
"61";62;"bellis perennis l.";"Bellis perennis";99;"Bellis perennis";"Plantae";"Tracheophyta";"Magnoliopsida";"Asterales";"Asteraceae";"Bellis";"Bellis perennis";"SPECIES"
"62";63;"cirsium palustre (l.) scop.";"Cirsium palustre";97;"Cirsium palustre";"Plantae";"Tracheophyta";"Magnoliopsida";"Asterales";"Asteraceae";"Cirsium";"Cirsium palustre";"SPECIES"
"63";64;"corylus avellana l.";"Corylus avellana";98;"Corylus avellana";"Plantae";"Tracheophyta";"Magnoliopsida";"Fagales";"Betulaceae";"Corylus";"Corylus avellana";"SPECIES"
"64";65;"crataegus laevigata (poir.) dc.";"Crataegus laevigata";99;"Crataegus laevigata";"Plantae";"Tracheophyta";"Magnoliopsida";"Rosales";"Rosaceae";"Crataegus";"Crataegus laevigata";"SPECIES"
"65";66;"crataegus monogyna jacq.";"Crataegus monogyna";97;"Crataegus monogyna";"Plantae";"Tracheophyta";"Magnoliopsida";"Rosales";"Rosaceae";"Crataegus";"Crataegus monogyna";"SPECIES"
"66";67;"potentilla reptans l.";"Potentilla reptans";97;"Potentilla reptans";"Plantae";"Tracheophyta";"Magnoliopsida";"Rosales";"Rosaceae";"Potentilla";"Potentilla reptans";"SPECIES"
"67";68;"ranunculus sceleratus l.";"Ranunculus sceleratus";99;"Ranunculus sceleratus";"Plantae";"Tracheophyta";"Magnoliopsida";"Ranunculales";"Ranunculaceae";"Ranunculus";"Ranunculus sceleratus";"SPECIES"
"68";69;"bromus hordeaceus subsp. hordeaceus";"Bromus hordeaceus hordeaceus";97;"Bromus hordeaceus hordeaceus";"Plantae";"Tracheophyta";"Liliopsida";"Poales";"Poaceae";"Bromus";"Bromus hordeaceus";"SUBSPECIES"
"69";70;"cardamine amara l.";"Cardamine amara";98;"Cardamine amara";"Plantae";"Tracheophyta";"Magnoliopsida";"Brassicales";"Brassicaceae";"Cardamine";"Cardamine amara";"SPECIES"
"70";71;"cirsium vulgare (savi) ten.";"Cirsium vulgare";97;"Cirsium vulgare";"Plantae";"Tracheophyta";"Magnoliopsida";"Asterales";"Asteraceae";"Cirsium";"Cirsium vulgare";"SPECIES"
"71";72;"lysimachia vulgaris l.";"Lysimachia vulgaris";97;"Lysimachia vulgaris";"Plantae";"Tracheophyta";"Magnoliopsida";"Ericales";"Primulaceae";"Lysimachia";"Lysimachia vulgaris";"SPECIES"
"72";73;"sparganium erectum l.";"Sparganium erectum";98;"Sparganium erectum";"Plantae";"Tracheophyta";"Liliopsida";"Poales";"Typhaceae";"Sparganium";"Sparganium erectum";"SPECIES"
"73";74;"carex acutiformis ehrh.";"Carex acutiformis";97;"Carex acutiformis";"Plantae";"Tracheophyta";"Liliopsida";"Poales";"Cyperaceae";"Carex";"Carex acutiformis";"SPECIES"
"74";75;"carex nigra var. nigra";"Carex nigra nigra";97;"Carex nigra nigra";"Plantae";"Tracheophyta";"Liliopsida";"Poales";"Cyperaceae";"Carex";"Carex nigra";"SUBSPECIES"
"75";76;"equisetum palustre l.";"Equisetum palustre";99;"Equisetum palustre";"Plantae";"Tracheophyta";"Polypodiopsida";"Equisetales";"Equisetaceae";"Equisetum";"Equisetum palustre";"SPECIES"
"76";77;"fagus sylvatica l.";"Fagus sylvatica";99;"Fagus sylvatica";"Plantae";"Tracheophyta";"Magnoliopsida";"Fagales";"Fagaceae";"Fagus";"Fagus sylvatica";"SPECIES"
"77";78;"galium odoratum (l.) scop.";"Galium odoratum";99;"Galium odoratum";"Plantae";"Tracheophyta";"Magnoliopsida";"Gentianales";"Rubiaceae";"Galium";"Galium odoratum";"SPECIES"
"78";79;"lychnis flos-cuculi l.";"Lychnis flos-cuculi";98;"Lychnis flos-cuculi";"Plantae";"Tracheophyta";"Magnoliopsida";"Caryophyllales";"Caryophyllaceae";"Silene";"Silene flos-cuculi";"SPECIES"
"79";80;"plantago lanceolata l.";"Plantago lanceolata";98;"Plantago lanceolata";"Plantae";"Tracheophyta";"Magnoliopsida";"Lamiales";"Plantaginaceae";"Plantago";"Plantago lanceolata";"SPECIES"
"80";81;"solanum dulcamara l.";"Solanum dulcamara";99;"Solanum dulcamara";"Plantae";"Tracheophyta";"Magnoliopsida";"Solanales";"Solanaceae";"Solanum";"Solanum dulcamara";"SPECIES"
"81";82;"agrostis capillaris l.";"Agrostis capillaris";97;"Agrostis capillaris";"Plantae";"Tracheophyta";"Liliopsida";"Poales";"Poaceae";"Agrostis";"Agrostis capillaris";"SPECIES"
"82";83;"anthoxanthum odoratum l.";"Anthoxanthum odoratum";99;"Anthoxanthum odoratum";"Plantae";"Tracheophyta";"Liliopsida";"Poales";"Poaceae";"Anthoxanthum";"Anthoxanthum odoratum";"SPECIES"
"83";84;"caltha palustris l.";"Caltha palustris";99;"Caltha palustris";"Plantae";"Tracheophyta";"Magnoliopsida";"Ranunculales";"Ranunculaceae";"Caltha";"Caltha palustris";"SPECIES"
"84";85;"juncus inflexus l.";"Juncus inflexus";98;"Juncus inflexus";"Plantae";"Tracheophyta";"Liliopsida";"Poales";"Juncaceae";"Juncus";"Juncus inflexus";"SPECIES"
"85";87;"juncus conglomeratus l.";"Juncus conglomeratus";99;"Juncus conglomeratus";"Plantae";"Tracheophyta";"Liliopsida";"Poales";"Juncaceae";"Juncus";"Juncus conglomeratus";"SPECIES"
"86";88;"rubus idaeus l.";"Rubus idaeus";97;"Rubus idaeus";"Plantae";"Tracheophyta";"Magnoliopsida";"Rosales";"Rosaceae";"Rubus";"Rubus idaeus";"SPECIES"
"87";89;"stellaria graminea l.";"Stellaria graminea";97;"Stellaria graminea";"Plantae";"Tracheophyta";"Magnoliopsida";"Caryophyllales";"Caryophyllaceae";"Stellaria";"Stellaria graminea";"SPECIES"
"88";90;"carex vesicaria l.";"Carex vesicaria";97;"Carex vesicaria";"Plantae";"Tracheophyta";"Liliopsida";"Poales";"Cyperaceae";"Carex";"Carex vesicaria";"SPECIES"
"89";91;"melica uniflora retz.";"Melica uniflora";99;"Melica uniflora";"Plantae";"Tracheophyta";"Liliopsida";"Poales";"Poaceae";"Melica";"Melica uniflora";"SPECIES"
"90";92;"rumex sanguineus l.";"Rumex sanguineus";97;"Rumex sanguineus";"Plantae";"Tracheophyta";"Magnoliopsida";"Caryophyllales";"Polygonaceae";"Rumex";"Rumex sanguineus";"SPECIES"
"91";93;"salix viminalis l.";"Salix viminalis";97;"Salix viminalis";"Plantae";"Tracheophyta";"Magnoliopsida";"Malpighiales";"Salicaceae";"Salix";"Salix viminalis";"SPECIES"
"92";94;"sambucus nigra l.";"Sambucus nigra";97;"Sambucus nigra";"Plantae";"Tracheophyta";"Magnoliopsida";"Dipsacales";"Viburnaceae";"Sambucus";"Sambucus nigra";"SPECIES"
"93";95;"trifolium campestre schreb.";"Trifolium campestre";97;"Trifolium campestre";"Plantae";"Tracheophyta";"Magnoliopsida";"Fabales";"Fabaceae";"Trifolium";"Trifolium campestre";"SPECIES"
"94";96;"arrhenatherum elatius (l.) p.beauv. ex j.presl & c.presl";"Arrhenatherum elatius";97;"Arrhenatherum elatius";"Plantae";"Tracheophyta";"Liliopsida";"Poales";"Poaceae";"Arrhenatherum";"Arrhenatherum elatius";"SPECIES"
"95";97;"circaea lutetiana l.";"Circaea lutetiana";98;"Circaea lutetiana";"Plantae";"Tracheophyta";"Magnoliopsida";"Myrtales";"Onagraceae";"Circaea";"Circaea lutetiana";"SPECIES"
"96";98;"cynosurus cristatus l.";"Cynosurus cristatus";99;"Cynosurus cristatus";"Plantae";"Tracheophyta";"Liliopsida";"Poales";"Poaceae";"Cynosurus";"Cynosurus cristatus";"SPECIES"
"97";99;"glyceria maxima (hartm.) holmb.";"Glyceria maxima";99;"Glyceria maxima";"Plantae";"Tracheophyta";"Liliopsida";"Poales";"Poaceae";"Glyceria";"Glyceria maxima";"SPECIES"
"98";100;"lathraea squamaria l.";"Lathraea squamaria";99;"Lathraea squamaria";"Plantae";"Tracheophyta";"Magnoliopsida";"Lamiales";"Orobanchaceae";"Lathraea";"Lathraea squamaria";"SPECIES"
"99";102;"alisma plantago-aquatica l.";"Alisma plantago-aquatica";99;"Alisma plantago-aquatica";"Plantae";"Tracheophyta";"Liliopsida";"Alismatales";"Alismataceae";"Alisma";"Alisma plantago-aquatica";"SPECIES"
"100";103;"berula erecta (huds.) coville";"Berula erecta";99;"Berula erecta";"Plantae";"Tracheophyta";"Magnoliopsida";"Apiales";"Apiaceae";"Berula";"Berula erecta";"SPECIES"
"101";104;"carex leporina l.";"Carex leporina";97;"Carex leporina";"Plantae";"Tracheophyta";"Liliopsida";"Poales";"Cyperaceae";"Carex";"Carex leporina";"SPECIES"
"102";105;"carex sylvatica huds.";"Carex sylvatica";97;"Carex sylvatica";"Plantae";"Tracheophyta";"Liliopsida";"Poales";"Cyperaceae";"Carex";"Carex sylvatica";"SPECIES"
"103";106;"lycopus europaeus l.";"Lycopus europaeus";97;"Lycopus europaeus";"Plantae";"Tracheophyta";"Magnoliopsida";"Lamiales";"Lamiaceae";"Lycopus";"Lycopus europaeus";"SPECIES"
"104";107;"phleum pratense subsp. pratense";"Phleum pratense pratense";97;"Phleum pratense pratense";"Plantae";"Tracheophyta";"Liliopsida";"Poales";"Poaceae";"Phleum";"Phleum pratense";"SUBSPECIES"
"105";108;"prunus spinosa l.";"Prunus spinosa";97;"Prunus spinosa";"Plantae";"Tracheophyta";"Magnoliopsida";"Rosales";"Rosaceae";"Prunus";"Prunus spinosa";"SPECIES"
"106";109;"stachys sylvatica l.";"Stachys sylvatica";98;"Stachys sylvatica";"Plantae";"Tracheophyta";"Magnoliopsida";"Lamiales";"Lamiaceae";"Stachys";"Stachys sylvatica";"SPECIES"
"107";110;"valeriana dioica l.";"Valeriana dioica";97;"Valeriana dioica";"Plantae";"Tracheophyta";"Magnoliopsida";"Dipsacales";"Caprifoliaceae";"Valeriana";"Valeriana dioica";"SPECIES"
"108";111;"vicia cracca l.";"Vicia cracca";98;"Vicia cracca";"Plantae";"Tracheophyta";"Magnoliopsida";"Fabales";"Fabaceae";"Vicia";"Vicia cracca";"SPECIES"
"109";112;"achillea millefolium l.";"Achillea millefolium";98;"Achillea millefolium";"Plantae";"Tracheophyta";"Magnoliopsida";"Asterales";"Asteraceae";"Achillea";"Achillea millefolium";"SPECIES"
"110";113;"aegopodium podagraria l.";"Aegopodium podagraria";99;"Aegopodium podagraria";"Plantae";"Tracheophyta";"Magnoliopsida";"Apiales";"Apiaceae";"Aegopodium";"Aegopodium podagraria";"SPECIES"
"111";114;"carex remota l.";"Carex remota";99;"Carex remota";"Plantae";"Tracheophyta";"Liliopsida";"Poales";"Cyperaceae";"Carex";"Carex remota";"SPECIES"
"112";115;"chrysosplenium oppositifolium l.";"Chrysosplenium oppositifolium";97;"Chrysosplenium oppositifolium";"Plantae";"Tracheophyta";"Magnoliopsida";"Saxifragales";"Saxifragaceae";"Chrysosplenium";"Chrysosplenium oppositifolium";"SPECIES"
"113";116;"luzula campestris (l.) dc.";"Luzula campestris";98;"Luzula campestris";"Plantae";"Tracheophyta";"Liliopsida";"Poales";"Juncaceae";"Luzula";"Luzula campestris";"SPECIES"
"114";117;"lythrum salicaria l.";"Lythrum salicaria";99;"Lythrum salicaria";"Plantae";"Tracheophyta";"Magnoliopsida";"Myrtales";"Lythraceae";"Lythrum";"Lythrum salicaria";"SPECIES"
"115";118;"milium effusum l.";"Milium effusum";97;"Milium effusum";"Plantae";"Tracheophyta";"Liliopsida";"Poales";"Poaceae";"Milium";"Milium effusum";"SPECIES"
"116";119;"potamogeton natans l.";"Potamogeton natans";98;"Potamogeton natans";"Plantae";"Tracheophyta";"Liliopsida";"Alismatales";"Potamogetonaceae";"Potamogeton";"Potamogeton natans";"SPECIES"
"117";120;"quercus robur l.";"Quercus robur";97;"Quercus robur";"Plantae";"Tracheophyta";"Magnoliopsida";"Fagales";"Fagaceae";"Quercus";"Quercus robur";"SPECIES"
"118";121;"schedonorus giganteus (l.) holub";"Schedonorus giganteus";97;"Schedonorus giganteus";"Plantae";"Tracheophyta";"Liliopsida";"Poales";"Poaceae";"Lolium";"Lolium giganteum";"SPECIES"
"119";122;"stellaria alsine grimm";"Stellaria alsine";97;"Stellaria alsine";"Plantae";"Tracheophyta";"Magnoliopsida";"Caryophyllales";"Caryophyllaceae";"Stellaria";"Stellaria alsine";"SPECIES"
"120";123;"tussilago farfara l.";"Tussilago farfara";99;"Tussilago farfara";"Plantae";"Tracheophyta";"Magnoliopsida";"Asterales";"Asteraceae";"Tussilago";"Tussilago farfara";"SPECIES"
"121";124;"viburnum opulus l.";"Viburnum opulus";99;"Viburnum opulus";"Plantae";"Tracheophyta";"Magnoliopsida";"Dipsacales";"Viburnaceae";"Viburnum";"Viburnum opulus";"SPECIES"
"122";125;"acer platanoides l.";"Acer platanoides";99;"Acer platanoides";"Plantae";"Tracheophyta";"Magnoliopsida";"Sapindales";"Sapindaceae";"Acer";"Acer platanoides";"SPECIES"
"123";127;"dactylorhiza majalis (rchb.) p.f.hunt & summerh.";"Dactylorhiza majalis";97;"Dactylorhiza majalis";"Plantae";"Tracheophyta";"Liliopsida";"Asparagales";"Orchidaceae";"Dactylorhiza";"Dactylorhiza majalis";"SPECIES"
"124";128;"galium mollugo l.";"Galium mollugo";99;"Galium mollugo";"Plantae";"Tracheophyta";"Magnoliopsida";"Gentianales";"Rubiaceae";"Galium";"Galium mollugo";"SPECIES"
"125";129;"hypericum perforatum l.";"Hypericum perforatum";99;"Hypericum perforatum";"Plantae";"Tracheophyta";"Magnoliopsida";"Malpighiales";"Hypericaceae";"Hypericum";"Hypericum perforatum";"SPECIES"
"126";130;"lotus corniculatus l.";"Lotus corniculatus";99;"Lotus corniculatus";"Plantae";"Tracheophyta";"Magnoliopsida";"Fabales";"Fabaceae";"Lotus";"Lotus corniculatus";"SPECIES"
"127";131;"phragmites australis (cav.) trin. ex steud.";"Phragmites australis";97;"Phragmites australis";"Plantae";"Tracheophyta";"Liliopsida";"Poales";"Poaceae";"Phragmites";"Phragmites australis";"SPECIES"
"128";132;"pilosella aurantiaca (l.) f.w.schultz & sch.bip.";"Pilosella aurantiaca";99;"Pilosella aurantiaca";"Plantae";"Tracheophyta";"Magnoliopsida";"Asterales";"Asteraceae";"Pilosella";"Pilosella aurantiaca";"SPECIES"
"129";133;"salix pentandra l.";"Salix pentandra";97;"Salix pentandra";"Plantae";"Tracheophyta";"Magnoliopsida";"Malpighiales";"Salicaceae";"Salix";"Salix pentandra";"SPECIES"
"130";134;"ulmus glabra huds.";"Ulmus glabra";97;"Ulmus glabra";"Plantae";"Tracheophyta";"Magnoliopsida";"Rosales";"Ulmaceae";"Ulmus";"Ulmus glabra";"SPECIES"
"131";135;"carex acuta l.";"Carex acuta";97;"Carex acuta";"Plantae";"Tracheophyta";"Liliopsida";"Poales";"Cyperaceae";"Carex";"Carex acuta";"SPECIES"
"132";136;"carex flacca schreb.";"Carex flacca";99;"Carex flacca";"Plantae";"Tracheophyta";"Liliopsida";"Poales";"Cyperaceae";"Carex";"Carex flacca";"SPECIES"
"133";137;"carex rostrata stokes";"Carex rostrata";97;"Carex rostrata";"Plantae";"Tracheophyta";"Liliopsida";"Poales";"Cyperaceae";"Carex";"Carex rostrata";"SPECIES"
"134";138;"dryopteris filix-mas (l.) schott";"Dryopteris filix-mas";99;"Dryopteris filix-mas";"Plantae";"Tracheophyta";"Polypodiopsida";"Polypodiales";"Dryopteridaceae";"Dryopteris";"Dryopteris filix-mas";"SPECIES"
"135";139;"euonymus europaeus l.";"Euonymus europaeus";99;"Euonymus europaeus";"Plantae";"Tracheophyta";"Magnoliopsida";"Celastrales";"Celastraceae";"Euonymus";"Euonymus europaeus";"SPECIES"
"136";140;"geranium dissectum l.";"Geranium dissectum";99;"Geranium dissectum";"Plantae";"Tracheophyta";"Magnoliopsida";"Geraniales";"Geraniaceae";"Geranium";"Geranium dissectum";"SPECIES"
"137";141;"heracleum sphondylium subsp. sphondylium";"Heracleum sphondylium sphondylium";97;"Heracleum sphondylium sphondylium";"Plantae";"Tracheophyta";"Magnoliopsida";"Apiales";"Apiaceae";"Heracleum";"Heracleum sphondylium";"SUBSPECIES"
"138";142;"hypochaeris radicata l.";"Hypochaeris radicata";99;"Hypochaeris radicata";"Plantae";"Tracheophyta";"Magnoliopsida";"Asterales";"Asteraceae";"Hypochaeris";"Hypochaeris radicata";"SPECIES"
"139";143;"juncus bufonius l.";"Juncus bufonius";99;"Juncus bufonius";"Plantae";"Tracheophyta";"Liliopsida";"Poales";"Juncaceae";"Juncus";"Juncus bufonius";"SPECIES"
"140";144;"menyanthes trifoliata l.";"Menyanthes trifoliata";99;"Menyanthes trifoliata";"Plantae";"Tracheophyta";"Magnoliopsida";"Asterales";"Menyanthaceae";"Menyanthes";"Menyanthes trifoliata";"SPECIES"
"141";145;"ranunculus flammula l.";"Ranunculus flammula";97;"Ranunculus flammula";"Plantae";"Tracheophyta";"Magnoliopsida";"Ranunculales";"Ranunculaceae";"Ranunculus";"Ranunculus flammula";"SPECIES"
"142";146;"scutellaria galericulata l.";"Scutellaria galericulata";99;"Scutellaria galericulata";"Plantae";"Tracheophyta";"Magnoliopsida";"Lamiales";"Lamiaceae";"Scutellaria";"Scutellaria galericulata";"SPECIES"
"143";147;"alliaria petiolata (m.bieb.) cavara & grande";"Alliaria petiolata";99;"Alliaria petiolata";"Plantae";"Tracheophyta";"Magnoliopsida";"Brassicales";"Brassicaceae";"Alliaria";"Alliaria petiolata";"SPECIES"
"144";148;"anemonoides ranunculoides (l.) holub";"Anemonoides ranunculoides";98;"Anemonoides ranunculoides";"Plantae";"Tracheophyta";"Magnoliopsida";"Ranunculales";"Ranunculaceae";"Anemone";"Anemone ranunculoides";"SPECIES"
"145";149;"calliergonella cuspidata (hedw.) loeske";"Calliergonella cuspidata";99;"Calliergonella cuspidata";"Plantae";"Bryophyta";"Bryopsida";"Hypnales";"Pylaisiaceae";"Calliergonella";"Calliergonella cuspidata";"SPECIES"
"146";150;"carex elata all.";"Carex elata";97;"Carex elata";"Plantae";"Tracheophyta";"Liliopsida";"Poales";"Cyperaceae";"Carex";"Carex elata";"SPECIES"
"147";151;"epipactis helleborine (l.) crantz";"Epipactis helleborine";99;"Epipactis helleborine";"Plantae";"Tracheophyta";"Liliopsida";"Asparagales";"Orchidaceae";"Epipactis";"Epipactis helleborine";"SPECIES"
"148";152;"agrostis gigantea roth";"Agrostis gigantea";99;"Agrostis gigantea";"Plantae";"Tracheophyta";"Liliopsida";"Poales";"Poaceae";"Agrostis";"Agrostis gigantea";"SPECIES"
"149";154;"carex panicea l.";"Carex panicea";97;"Carex panicea";"Plantae";"Tracheophyta";"Liliopsida";"Poales";"Cyperaceae";"Carex";"Carex panicea";"SPECIES"
"150";155;"dactylorhiza incarnata (l.) soó";"Dactylorhiza incarnata";99;"Dactylorhiza incarnata";"Plantae";"Tracheophyta";"Liliopsida";"Asparagales";"Orchidaceae";"Dactylorhiza";"Dactylorhiza incarnata";"SPECIES"
"151";156;"epilobium parviflorum schreb.";"Epilobium parviflorum";97;"Epilobium parviflorum";"Plantae";"Tracheophyta";"Magnoliopsida";"Myrtales";"Onagraceae";"Epilobium";"Epilobium parviflorum";"SPECIES"
"152";157;"impatiens noli-tangere l.";"Impatiens noli-tangere";97;"Impatiens noli-tangere";"Plantae";"Tracheophyta";"Magnoliopsida";"Ericales";"Balsaminaceae";"Impatiens";"Impatiens noli-tangere";"SPECIES"
"153";159;"paris quadrifolia l.";"Paris quadrifolia";99;"Paris quadrifolia";"Plantae";"Tracheophyta";"Liliopsida";"Liliales";"Melanthiaceae";"Paris";"Paris quadrifolia";"SPECIES"
"154";160;"plantago major l.";"Plantago major";97;"Plantago major";"Plantae";"Tracheophyta";"Magnoliopsida";"Lamiales";"Plantaginaceae";"Plantago";"Plantago major";"SPECIES"
"155";161;"poa pratensis subsp. pratensis";"Poa pratensis pratensis";97;"Poa pratensis pratensis";"Plantae";"Tracheophyta";"Liliopsida";"Poales";"Poaceae";"Poa";"Poa pratensis";"SUBSPECIES"
"156";162;"prunella vulgaris l.";"Prunella vulgaris";98;"Prunella vulgaris";"Plantae";"Tracheophyta";"Magnoliopsida";"Lamiales";"Lamiaceae";"Prunella";"Prunella vulgaris";"SPECIES"
"157";163;"prunus avium (l.) l.";"Prunus avium";98;"Prunus avium";"Plantae";"Tracheophyta";"Magnoliopsida";"Rosales";"Rosaceae";"Prunus";"Prunus avium";"SPECIES"
"158";164;"prunus padus l.";"Prunus padus";97;"Prunus padus";"Plantae";"Tracheophyta";"Magnoliopsida";"Rosales";"Rosaceae";"Prunus";"Prunus padus";"SPECIES"
"159";165;"trifolium dubium sibth.";"Trifolium dubium";99;"Trifolium dubium";"Plantae";"Tracheophyta";"Magnoliopsida";"Fabales";"Fabaceae";"Trifolium";"Trifolium dubium";"SPECIES"
"160";166;"vicia sepium l.";"Vicia sepium";99;"Vicia sepium";"Plantae";"Tracheophyta";"Magnoliopsida";"Fabales";"Fabaceae";"Vicia";"Vicia sepium";"SPECIES"
"161";167;"viola reichenbachiana jord. ex boreau";"Viola reichenbachiana";97;"Viola reichenbachiana";"Plantae";"Tracheophyta";"Magnoliopsida";"Malpighiales";"Violaceae";"Viola";"Viola reichenbachiana";"SPECIES"
"162";168;"dryopteris carthusiana (vill.) h.p.fuchs";"Dryopteris carthusiana";99;"Dryopteris carthusiana";"Plantae";"Tracheophyta";"Polypodiopsida";"Polypodiales";"Dryopteridaceae";"Dryopteris";"Dryopteris carthusiana";"SPECIES"
"163";169;"epilobium montanum l.";"Epilobium montanum";97;"Epilobium montanum";"Plantae";"Tracheophyta";"Magnoliopsida";"Myrtales";"Onagraceae";"Epilobium";"Epilobium montanum";"SPECIES"
"164";170;"epilobium palustre l.";"Epilobium palustre";97;"Epilobium palustre";"Plantae";"Tracheophyta";"Magnoliopsida";"Myrtales";"Onagraceae";"Epilobium";"Epilobium palustre";"SPECIES"
"165";171;"galium uliginosum l.";"Galium uliginosum";97;"Galium uliginosum";"Plantae";"Tracheophyta";"Magnoliopsida";"Gentianales";"Rubiaceae";"Galium";"Galium uliginosum";"SPECIES"
"166";172;"geranium molle l.";"Geranium molle";97;"Geranium molle";"Plantae";"Tracheophyta";"Magnoliopsida";"Geraniales";"Geraniaceae";"Geranium";"Geranium molle";"SPECIES"
"167";173;"humulus lupulus l.";"Humulus lupulus";97;"Humulus lupulus";"Plantae";"Tracheophyta";"Magnoliopsida";"Rosales";"Cannabaceae";"Humulus";"Humulus lupulus";"SPECIES"
"168";174;"lonicera xylosteum l.";"Lonicera xylosteum";97;"Lonicera xylosteum";"Plantae";"Tracheophyta";"Magnoliopsida";"Dipsacales";"Caprifoliaceae";"Lonicera";"Lonicera xylosteum";"SPECIES"
"169";175;"lysimachia punctata l.";"Lysimachia punctata";97;"Lysimachia punctata";"Plantae";"Tracheophyta";"Magnoliopsida";"Ericales";"Primulaceae";"Lysimachia";"Lysimachia punctata";"SPECIES"
"170";176;"myosotis laxa subsp. caespitosa (schultz) hyl. ex nordh.";"Myosotis laxa caespitosa";97;"Myosotis laxa caespitosa";"Plantae";"Tracheophyta";"Magnoliopsida";"Boraginales";"Boraginaceae";"Myosotis";"Myosotis laxa";"SUBSPECIES"
"171";177;"poa pratensis l.";"Poa pratensis";97;"Poa pratensis";"Plantae";"Tracheophyta";"Liliopsida";"Poales";"Poaceae";"Poa";"Poa pratensis";"SPECIES"
"172";178;"prunus cerasifera ehrh.";"Prunus cerasifera";98;"Prunus cerasifera";"Plantae";"Tracheophyta";"Magnoliopsida";"Rosales";"Rosaceae";"Prunus";"Prunus cerasifera";"SPECIES"
"173";179;"ribes nigrum l.";"Ribes nigrum";97;"Ribes nigrum";"Plantae";"Tracheophyta";"Magnoliopsida";"Saxifragales";"Grossulariaceae";"Ribes";"Ribes nigrum";"SPECIES"
"174";180;"sorbus aucuparia l.";"Sorbus aucuparia";97;"Sorbus aucuparia";"Plantae";"Tracheophyta";"Magnoliopsida";"Rosales";"Rosaceae";"Sorbus";"Sorbus aucuparia";"SPECIES"
"175";181;"stachys palustris l.";"Stachys palustris";98;"Stachys palustris";"Plantae";"Tracheophyta";"Magnoliopsida";"Lamiales";"Lamiaceae";"Stachys";"Stachys palustris";"SPECIES"
"176";182;"trollius europaeus l.";"Trollius europaeus";98;"Trollius europaeus";"Plantae";"Tracheophyta";"Magnoliopsida";"Ranunculales";"Ranunculaceae";"Trollius";"Trollius europaeus";"SPECIES"
"177";183;"aesculus hippocastanum l.";"Aesculus hippocastanum";99;"Aesculus hippocastanum";"Plantae";"Tracheophyta";"Magnoliopsida";"Sapindales";"Sapindaceae";"Aesculus";"Aesculus hippocastanum";"SPECIES"
"178";185;"cichorium intybus l.";"Cichorium intybus";99;"Cichorium intybus";"Plantae";"Tracheophyta";"Magnoliopsida";"Asterales";"Asteraceae";"Cichorium";"Cichorium intybus";"SPECIES"
"179";186;"crepis paludosa (l.) moench";"Crepis paludosa";99;"Crepis paludosa";"Plantae";"Tracheophyta";"Magnoliopsida";"Asterales";"Asteraceae";"Crepis";"Crepis paludosa";"SPECIES"
"180";188;"hedera helix l.";"Hedera helix";97;"Hedera helix";"Plantae";"Tracheophyta";"Magnoliopsida";"Apiales";"Araliaceae";"Hedera";"Hedera helix";"SPECIES"
"181";189;"jacobaea vulgaris gaertn.";"Jacobaea vulgaris";97;"Jacobaea vulgaris";"Plantae";"Tracheophyta";"Magnoliopsida";"Asterales";"Asteraceae";"Jacobaea";"Jacobaea vulgaris";"SPECIES"
"182";190;"lemna trisulca l.";"Lemna trisulca";99;"Lemna trisulca";"Plantae";"Tracheophyta";"Liliopsida";"Alismatales";"Araceae";"Lemna";"Lemna trisulca";"SPECIES"
"183";191;"leucanthemum vulgare lam.";"Leucanthemum vulgare";99;"Leucanthemum vulgare";"Plantae";"Tracheophyta";"Magnoliopsida";"Asterales";"Asteraceae";"Leucanthemum";"Leucanthemum vulgare";"SPECIES"
"184";192;"poa annua l.";"Poa annua";97;"Poa annua";"Plantae";"Tracheophyta";"Liliopsida";"Poales";"Poaceae";"Poa";"Poa annua";"SPECIES"
"185";193;"polygonatum multiflorum (l.) all.";"Polygonatum multiflorum";98;"Polygonatum multiflorum";"Plantae";"Tracheophyta";"Liliopsida";"Asparagales";"Asparagaceae";"Polygonatum";"Polygonatum multiflorum";"SPECIES"
"186";194;"rumex acetosella l.";"Rumex acetosella";97;"Rumex acetosella";"Plantae";"Tracheophyta";"Magnoliopsida";"Caryophyllales";"Polygonaceae";"Rumex";"Rumex acetosella";"SPECIES"
"187";195;"rumex hydrolapathum (scop.) huds.";"Rumex hydrolapathum";97;"Rumex hydrolapathum";"Plantae";"Tracheophyta";"Magnoliopsida";"Caryophyllales";"Polygonaceae";"Rumex";"Rumex hydrolapathum";"SPECIES"
"188";196;"saxifraga granulata l.";"Saxifraga granulata";97;"Saxifraga granulata";"Plantae";"Tracheophyta";"Magnoliopsida";"Saxifragales";"Saxifragaceae";"Saxifraga";"Saxifraga granulata";"SPECIES"
"189";197;"scrophularia nodosa l.";"Scrophularia nodosa";99;"Scrophularia nodosa";"Plantae";"Tracheophyta";"Magnoliopsida";"Lamiales";"Scrophulariaceae";"Scrophularia";"Scrophularia nodosa";"SPECIES"
"190";198;"stellaria palustris (murray ex ehrh.) hoffm.";"Stellaria palustris";97;"Stellaria palustris";"Plantae";"Tracheophyta";"Magnoliopsida";"Caryophyllales";"Caryophyllaceae";"Stellaria";"Stellaria palustris";"SPECIES"
"191";199;"tanacetum vulgare l.";"Tanacetum vulgare";99;"Tanacetum vulgare";"Plantae";"Tracheophyta";"Magnoliopsida";"Asterales";"Asteraceae";"Tanacetum";"Tanacetum vulgare";"SPECIES"
"192";200;"typha angustifolia l.";"Typha angustifolia";97;"Typha angustifolia";"Plantae";"Tracheophyta";"Liliopsida";"Poales";"Typhaceae";"Typha";"Typha angustifolia";"SPECIES"
"193";201;"veronica montana l.";"Veronica montana";97;"Veronica montana";"Plantae";"Tracheophyta";"Magnoliopsida";"Lamiales";"Plantaginaceae";"Veronica";"Veronica montana";"SPECIES"
"194";202;"veronica serpyllifolia l.";"Veronica serpyllifolia";97;"Veronica serpyllifolia";"Plantae";"Tracheophyta";"Magnoliopsida";"Lamiales";"Plantaginaceae";"Veronica";"Veronica serpyllifolia";"SPECIES"
"195";203;"vicia hirsuta (l.) gray";"Vicia hirsuta";97;"Vicia hirsuta";"Plantae";"Tracheophyta";"Magnoliopsida";"Fabales";"Fabaceae";"Vicia";"Vicia hirsuta";"SPECIES"
"196";204;"abies alba mill.";"Abies alba";97;"Abies alba";"Plantae";"Tracheophyta";"Pinopsida";"Pinales";"Pinaceae";"Abies";"Abies alba";"SPECIES"
"197";205;"acer campestre l.";"Acer campestre";99;"Acer campestre";"Plantae";"Tracheophyta";"Magnoliopsida";"Sapindales";"Sapindaceae";"Acer";"Acer campestre";"SPECIES"
"198";207;"calamagrostis canescens (weber) roth";"Calamagrostis canescens";97;"Calamagrostis canescens";"Plantae";"Tracheophyta";"Liliopsida";"Poales";"Poaceae";"Calamagrostis";"Calamagrostis canescens";"SPECIES"
"199";208;"capsella bursa-pastoris (l.) medik.";"Capsella bursa-pastoris";99;"Capsella bursa-pastoris";"Plantae";"Tracheophyta";"Magnoliopsida";"Brassicales";"Brassicaceae";"Capsella";"Capsella bursa-pastoris";"SPECIES"
"200";209;"centaurea jacea l.";"Centaurea jacea";99;"Centaurea jacea";"Plantae";"Tracheophyta";"Magnoliopsida";"Asterales";"Asteraceae";"Centaurea";"Centaurea jacea";"SPECIES"
"201";210;"centaurea scabiosa l.";"Centaurea scabiosa";97;"Centaurea scabiosa";"Plantae";"Tracheophyta";"Magnoliopsida";"Asterales";"Asteraceae";"Centaurea";"Centaurea scabiosa";"SPECIES"
"202";211;"chamaenerion angustifolium (l.) scop.";"Chamaenerion angustifolium";97;"Chamaenerion angustifolium";"Plantae";"Tracheophyta";"Magnoliopsida";"Myrtales";"Onagraceae";"Chamaenerion";"Chamaenerion angustifolium";"SPECIES"
"203";212;"convolvulus arvensis l.";"Convolvulus arvensis";99;"Convolvulus arvensis";"Plantae";"Tracheophyta";"Magnoliopsida";"Solanales";"Convolvulaceae";"Convolvulus";"Convolvulus arvensis";"SPECIES"
"204";213;"dipsacus fullonum l.";"Dipsacus fullonum";97;"Dipsacus fullonum";"Plantae";"Tracheophyta";"Magnoliopsida";"Dipsacales";"Caprifoliaceae";"Dipsacus";"Dipsacus fullonum";"SPECIES"
"205";214;"dryopteris dilatata (hoffm.) a.gray";"Dryopteris dilatata";97;"Dryopteris dilatata";"Plantae";"Tracheophyta";"Polypodiopsida";"Polypodiales";"Dryopteridaceae";"Dryopteris";"Dryopteris dilatata";"SPECIES"
"206";215;"equisetum pratense ehrh.";"Equisetum pratense";99;"Equisetum pratense";"Plantae";"Tracheophyta";"Polypodiopsida";"Equisetales";"Equisetaceae";"Equisetum";"Equisetum pratense";"SPECIES"
"207";216;"eriophorum angustifolium honck.";"Eriophorum angustifolium";97;"Eriophorum angustifolium";"Plantae";"Tracheophyta";"Liliopsida";"Poales";"Cyperaceae";"Eriophorum";"Eriophorum angustifolium";"SPECIES"
"208";217;"galium verum l.";"Galium verum";99;"Galium verum";"Plantae";"Tracheophyta";"Magnoliopsida";"Gentianales";"Rubiaceae";"Galium";"Galium verum";"SPECIES"
"209";218;"geranium pyrenaicum burm.f.";"Geranium pyrenaicum";97;"Geranium pyrenaicum";"Plantae";"Tracheophyta";"Magnoliopsida";"Geraniales";"Geraniaceae";"Geranium";"Geranium pyrenaicum";"SPECIES"
"210";220;"heracleum mantegazzianum sommier & levier";"Heracleum mantegazzianum";99;"Heracleum mantegazzianum";"Plantae";"Tracheophyta";"Magnoliopsida";"Apiales";"Apiaceae";"Heracleum";"Heracleum mantegazzianum";"SPECIES"
"211";221;"hordelymus europaeus (l.) jess. ex harz";"Hordelymus europaeus";97;"Hordelymus europaeus";"Plantae";"Tracheophyta";"Liliopsida";"Poales";"Poaceae";"Hordelymus";"Hordelymus europaeus";"SPECIES"
"212";222;"hottonia palustris l.";"Hottonia palustris";98;"Hottonia palustris";"Plantae";"Tracheophyta";"Magnoliopsida";"Ericales";"Primulaceae";"Hottonia";"Hottonia palustris";"SPECIES"
"213";224;"lonicera periclymenum l.";"Lonicera periclymenum";97;"Lonicera periclymenum";"Plantae";"Tracheophyta";"Magnoliopsida";"Dipsacales";"Caprifoliaceae";"Lonicera";"Lonicera periclymenum";"SPECIES"
"214";225;"medicago lupulina l.";"Medicago lupulina";99;"Medicago lupulina";"Plantae";"Tracheophyta";"Magnoliopsida";"Fabales";"Fabaceae";"Medicago";"Medicago lupulina";"SPECIES"
"215";228;"pinguicula vulgaris l.";"Pinguicula vulgaris";97;"Pinguicula vulgaris";"Plantae";"Tracheophyta";"Magnoliopsida";"Lamiales";"Lentibulariaceae";"Pinguicula";"Pinguicula vulgaris";"SPECIES"
"216";229;"populus tremula l.";"Populus tremula";99;"Populus tremula";"Plantae";"Tracheophyta";"Magnoliopsida";"Malpighiales";"Salicaceae";"Populus";"Populus tremula";"SPECIES"
"217";230;"potamogeton berchtoldii fieber";"Potamogeton berchtoldii";99;"Potamogeton berchtoldii";"Plantae";"Tracheophyta";"Liliopsida";"Alismatales";"Potamogetonaceae";"Potamogeton";"Potamogeton berchtoldii";"SPECIES"
"218";231;"ranunculus auricomus l.";"Ranunculus auricomus";97;"Ranunculus auricomus";"Plantae";"Tracheophyta";"Magnoliopsida";"Ranunculales";"Ranunculaceae";"Ranunculus";"Ranunculus auricomus";"SPECIES"
"219";232;"rhytidiadelphus squarrosus (hedw.) warnst.";"Rhytidiadelphus squarrosus";99;"Rhytidiadelphus squarrosus";"Plantae";"Bryophyta";"Bryopsida";"Hypnales";"Hylocomiaceae";"Rhytidiadelphus";"Rhytidiadelphus squarrosus";"SPECIES"
"220";233;"ribes spicatum e.robson";"Ribes spicatum";97;"Ribes spicatum";"Plantae";"Tracheophyta";"Magnoliopsida";"Saxifragales";"Grossulariaceae";"Ribes";"Ribes spicatum";"SPECIES"
"221";234;"ribes uva-crispa l.";"Ribes uva-crispa";98;"Ribes uva-crispa";"Plantae";"Tracheophyta";"Magnoliopsida";"Saxifragales";"Grossulariaceae";"Ribes";"Ribes uva-crispa";"SPECIES"
"222";235;"rubus caesius l.";"Rubus caesius";97;"Rubus caesius";"Plantae";"Tracheophyta";"Magnoliopsida";"Rosales";"Rosaceae";"Rubus";"Rubus caesius";"SPECIES"
"223";236;"scorzoneroides autumnalis (l.) moench";"Scorzoneroides autumnalis";99;"Scorzoneroides autumnalis";"Plantae";"Tracheophyta";"Magnoliopsida";"Asterales";"Asteraceae";"Scorzoneroides";"Scorzoneroides autumnalis";"SPECIES"
"224";237;"stratiotes aloides l.";"Stratiotes aloides";99;"Stratiotes aloides";"Plantae";"Tracheophyta";"Liliopsida";"Alismatales";"Hydrocharitaceae";"Stratiotes";"Stratiotes aloides";"SPECIES"
"225";238;"triglochin palustris l.";"Triglochin palustris";98;"Triglochin palustris";"Plantae";"Tracheophyta";"Liliopsida";"Alismatales";"Juncaginaceae";"Triglochin";"Triglochin palustris";"SPECIES"
"226";241;"vinca minor l.";"Vinca minor";98;"Vinca minor";"Plantae";"Tracheophyta";"Magnoliopsida";"Gentianales";"Apocynaceae";"Vinca";"Vinca minor";"SPECIES"
"227";242;"viola riviniana rchb.";"Viola riviniana";99;"Viola riviniana";"Plantae";"Tracheophyta";"Magnoliopsida";"Malpighiales";"Violaceae";"Viola";"Viola riviniana";"SPECIES"
"228";244;"achillea ptarmica l.";"Achillea ptarmica";98;"Achillea ptarmica";"Plantae";"Tracheophyta";"Magnoliopsida";"Asterales";"Asteraceae";"Achillea";"Achillea ptarmica";"SPECIES"
"229";245;"agrimonia eupatoria l.";"Agrimonia eupatoria";98;"Agrimonia eupatoria";"Plantae";"Tracheophyta";"Magnoliopsida";"Rosales";"Rosaceae";"Agrimonia";"Agrimonia eupatoria";"SPECIES"
"230";248;"alnus incana (l.) moench";"Alnus incana";97;"Alnus incana";"Plantae";"Tracheophyta";"Magnoliopsida";"Fagales";"Betulaceae";"Alnus";"Alnus incana";"SPECIES"
"231";249;"anemonoides nemorosa (l.) holub";"Anemonoides nemorosa";98;"Anemonoides nemorosa";"Plantae";"Tracheophyta";"Magnoliopsida";"Ranunculales";"Ranunculaceae";"Anemone";"Anemone nemorosa";"SPECIES"
"232";250;"anisantha sterilis (l.) nevski";"Anisantha sterilis";98;"Anisantha sterilis";"Plantae";"Tracheophyta";"Liliopsida";"Poales";"Poaceae";"Bromus";"Bromus sterilis";"SPECIES"
"233";252;"athyrium filix-femina (l.) roth";"Athyrium filix-femina";97;"Athyrium filix-femina";"Plantae";"Tracheophyta";"Polypodiopsida";"Polypodiales";"Athyriaceae";"Athyrium";"Athyrium filix-femina";"SPECIES"
"234";253;"betula pubescens ehrh.";"Betula pubescens";99;"Betula pubescens";"Plantae";"Tracheophyta";"Magnoliopsida";"Fagales";"Betulaceae";"Betula";"Betula pubescens";"SPECIES"
"235";254;"blysmus compressus (l.) panz. ex link";"Blysmus compressus";97;"Blysmus compressus";"Plantae";"Tracheophyta";"Liliopsida";"Poales";"Cyperaceae";"Blysmus";"Blysmus compressus";"SPECIES"
"236";255;"brachypodium sylvaticum (huds.) p.beauv.";"Brachypodium sylvaticum";99;"Brachypodium sylvaticum";"Plantae";"Tracheophyta";"Liliopsida";"Poales";"Poaceae";"Brachypodium";"Brachypodium sylvaticum";"SPECIES"
"237";256;"briza media l.";"Briza media";99;"Briza media";"Plantae";"Tracheophyta";"Liliopsida";"Poales";"Poaceae";"Briza";"Briza media";"SPECIES"
"238";257;"calystegia sepium (l.) r.br.";"Calystegia sepium";98;"Calystegia sepium";"Plantae";"Tracheophyta";"Magnoliopsida";"Solanales";"Convolvulaceae";"Calystegia";"Calystegia sepium";"SPECIES"
"239";258;"carex divulsa stokes";"Carex divulsa";97;"Carex divulsa";"Plantae";"Tracheophyta";"Liliopsida";"Poales";"Cyperaceae";"Carex";"Carex divulsa";"SPECIES"
"240";260;"carex paniculata l.";"Carex paniculata";98;"Carex paniculata";"Plantae";"Tracheophyta";"Liliopsida";"Poales";"Cyperaceae";"Carex";"Carex paniculata";"SPECIES"
"241";261;"carex riparia curtis";"Carex riparia";97;"Carex riparia";"Plantae";"Tracheophyta";"Liliopsida";"Poales";"Cyperaceae";"Carex";"Carex riparia";"SPECIES"
"242";262;"carpinus betulus l.";"Carpinus betulus";98;"Carpinus betulus";"Plantae";"Tracheophyta";"Magnoliopsida";"Fagales";"Betulaceae";"Carpinus";"Carpinus betulus";"SPECIES"
"243";264;"echium vulgare l.";"Echium vulgare";97;"Echium vulgare";"Plantae";"Tracheophyta";"Magnoliopsida";"Boraginales";"Boraginaceae";"Echium";"Echium vulgare";"SPECIES"
"244";267;"eupatorium cannabinum l.";"Eupatorium cannabinum";99;"Eupatorium cannabinum";"Plantae";"Tracheophyta";"Magnoliopsida";"Asterales";"Asteraceae";"Eupatorium";"Eupatorium cannabinum";"SPECIES"
"245";269;"heracleum sphondylium l.";"Heracleum sphondylium";97;"Heracleum sphondylium";"Plantae";"Tracheophyta";"Magnoliopsida";"Apiales";"Apiaceae";"Heracleum";"Heracleum sphondylium";"SPECIES"
"246";270;"hypericum tetrapterum fr.";"Hypericum tetrapterum";99;"Hypericum tetrapterum";"Plantae";"Tracheophyta";"Magnoliopsida";"Malpighiales";"Hypericaceae";"Hypericum";"Hypericum tetrapterum";"SPECIES"
"247";271;"knautia arvensis (l.) coult.";"Knautia arvensis";98;"Knautia arvensis";"Plantae";"Tracheophyta";"Magnoliopsida";"Dipsacales";"Caprifoliaceae";"Knautia";"Knautia arvensis";"SPECIES"
"248";272;"lapsana communis l.";"Lapsana communis";99;"Lapsana communis";"Plantae";"Tracheophyta";"Magnoliopsida";"Asterales";"Asteraceae";"Lapsana";"Lapsana communis";"SPECIES"
"249";273;"lathyrus sylvestris l.";"Lathyrus sylvestris";99;"Lathyrus sylvestris";"Plantae";"Tracheophyta";"Magnoliopsida";"Fabales";"Fabaceae";"Lathyrus";"Lathyrus sylvestris";"SPECIES"
"250";277;"medicago sativa l.";"Medicago sativa";97;"Medicago sativa";"Plantae";"Tracheophyta";"Magnoliopsida";"Fabales";"Fabaceae";"Medicago";"Medicago sativa";"SPECIES"
"251";278;"melilotus albus medik.";"Melilotus albus";97;"Melilotus albus";"Plantae";"Tracheophyta";"Magnoliopsida";"Fabales";"Fabaceae";"Melilotus";"Melilotus albus";"SPECIES"
"252";279;"mercurialis perennis l.";"Mercurialis perennis";99;"Mercurialis perennis";"Plantae";"Tracheophyta";"Magnoliopsida";"Malpighiales";"Euphorbiaceae";"Mercurialis";"Mercurialis perennis";"SPECIES"
"253";281;"phacelia tanacetifolia benth.";"Phacelia tanacetifolia";97;"Phacelia tanacetifolia";"Plantae";"Tracheophyta";"Magnoliopsida";"Boraginales";"Hydrophyllaceae";"Phacelia";"Phacelia tanacetifolia";"SPECIES"
"254";282;"plagiomnium undulatum (hedw.) t.j.kop.";"Plagiomnium undulatum";99;"Plagiomnium undulatum";"Plantae";"Bryophyta";"Bryopsida";"Bryales";"Mniaceae";"Plagiomnium";"Plagiomnium undulatum";"SPECIES"
"255";283;"polygonum aviculare l.";"Polygonum aviculare";97;"Polygonum aviculare";"Plantae";"Tracheophyta";"Magnoliopsida";"Caryophyllales";"Polygonaceae";"Polygonum";"Polygonum aviculare";"SPECIES"
"256";285;"prunus laurocerasus l.";"Prunus laurocerasus";99;"Prunus laurocerasus";"Plantae";"Tracheophyta";"Magnoliopsida";"Rosales";"Rosaceae";"Prunus";"Prunus laurocerasus";"SPECIES"
"257";287;"rabelera holostea (l.) m.t.sharples & e.a.tripp";"Rabelera holostea";99;"Rabelera holostea";"Plantae";"Tracheophyta";"Magnoliopsida";"Caryophyllales";"Caryophyllaceae";"Rabelera";"Rabelera holostea";"SPECIES"
"258";288;"ranunculus bulbosus l.";"Ranunculus bulbosus";97;"Ranunculus bulbosus";"Plantae";"Tracheophyta";"Magnoliopsida";"Ranunculales";"Ranunculaceae";"Ranunculus";"Ranunculus bulbosus";"SPECIES"
"259";289;"reynoutria japonica houtt.";"Reynoutria japonica";99;"Reynoutria japonica";"Plantae";"Tracheophyta";"Magnoliopsida";"Caryophyllales";"Polygonaceae";"Reynoutria";"Reynoutria japonica";"SPECIES"
"260";290;"rorippa palustris (l.) besser";"Rorippa palustris";97;"Rorippa palustris";"Plantae";"Tracheophyta";"Magnoliopsida";"Brassicales";"Brassicaceae";"Rorippa";"Rorippa palustris";"SPECIES"
"261";291;"rosa dumalis subsp. dumalis";"Rosa dumalis dumalis";97;"Rosa dumalis dumalis";"Plantae";"Tracheophyta";"Magnoliopsida";"Rosales";"Rosaceae";"Rosa";"Rosa dumalis";"SUBSPECIES"
"262";292;"rumex thyrsiflorus fingerh.";"Rumex thyrsiflorus";99;"Rumex thyrsiflorus";"Plantae";"Tracheophyta";"Magnoliopsida";"Caryophyllales";"Polygonaceae";"Rumex";"Rumex thyrsiflorus";"SPECIES"
"263";293;"sanicula europaea l.";"Sanicula europaea";97;"Sanicula europaea";"Plantae";"Tracheophyta";"Magnoliopsida";"Apiales";"Apiaceae";"Sanicula";"Sanicula europaea";"SPECIES"
"264";294;"saponaria officinalis l.";"Saponaria officinalis";99;"Saponaria officinalis";"Plantae";"Tracheophyta";"Magnoliopsida";"Caryophyllales";"Caryophyllaceae";"Saponaria";"Saponaria officinalis";"SPECIES"
"265";295;"senecio vulgaris l.";"Senecio vulgaris";99;"Senecio vulgaris";"Plantae";"Tracheophyta";"Magnoliopsida";"Asterales";"Asteraceae";"Senecio";"Senecio vulgaris";"SPECIES"
"266";297;"succisa pratensis moench";"Succisa pratensis";99;"Succisa pratensis";"Plantae";"Tracheophyta";"Magnoliopsida";"Dipsacales";"Caprifoliaceae";"Succisa";"Succisa pratensis";"SPECIES"
"267";301;"trifolium medium l.";"Trifolium medium";98;"Trifolium medium";"Plantae";"Tracheophyta";"Magnoliopsida";"Fabales";"Fabaceae";"Trifolium";"Trifolium medium";"SPECIES"
"268";302;"valeriana sambucifolia subsp. procurrens (wallr.) á.löwe";"Valeriana sambucifolia procurrens";97;"Valeriana sambucifolia procurrens";"Plantae";"Tracheophyta";"Magnoliopsida";"Dipsacales";"Caprifoliaceae";"Valeriana";"Valeriana excelsa";"SUBSPECIES"
"269";303;"veronica persica poir.";"Veronica persica";99;"Veronica persica";"Plantae";"Tracheophyta";"Magnoliopsida";"Lamiales";"Plantaginaceae";"Veronica";"Veronica persica";"SPECIES"
"270";305;"vicia sativa subsp. sativa";"Vicia sativa sativa";97;"Vicia sativa sativa";"Plantae";"Tracheophyta";"Magnoliopsida";"Fabales";"Fabaceae";"Vicia";"Vicia sativa";"SUBSPECIES"
"271";306;"viola arvensis murray";"Viola arvensis";99;"Viola arvensis";"Plantae";"Tracheophyta";"Magnoliopsida";"Malpighiales";"Violaceae";"Viola";"Viola arvensis";"SPECIES"
"272";309;"allium oleraceum l.";"Allium oleraceum";97;"Allium oleraceum";"Plantae";"Tracheophyta";"Liliopsida";"Asparagales";"Amaryllidaceae";"Allium";"Allium oleraceum";"SPECIES"
"273";311;"anchusa officinalis l.";"Anchusa officinalis";97;"Anchusa officinalis";"Plantae";"Tracheophyta";"Magnoliopsida";"Boraginales";"Boraginaceae";"Anchusa";"Anchusa officinalis";"SPECIES"
"274";313;"anthyllis vulneraria l.";"Anthyllis vulneraria";97;"Anthyllis vulneraria";"Plantae";"Tracheophyta";"Magnoliopsida";"Fabales";"Fabaceae";"Anthyllis";"Anthyllis vulneraria";"SPECIES"
"275";315;"arctium lappa l.";"Arctium lappa";97;"Arctium lappa";"Plantae";"Tracheophyta";"Magnoliopsida";"Asterales";"Asteraceae";"Arctium";"Arctium lappa";"SPECIES"
"276";316;"arenaria serpyllifolia l.";"Arenaria serpyllifolia";97;"Arenaria serpyllifolia";"Plantae";"Tracheophyta";"Magnoliopsida";"Caryophyllales";"Caryophyllaceae";"Arenaria";"Arenaria serpyllifolia";"SPECIES"
"277";318;"artemisia vulgaris l.";"Artemisia vulgaris";97;"Artemisia vulgaris";"Plantae";"Tracheophyta";"Magnoliopsida";"Asterales";"Asteraceae";"Artemisia";"Artemisia vulgaris";"SPECIES"
"278";321;"betula pendula roth";"Betula pendula";99;"Betula pendula";"Plantae";"Tracheophyta";"Magnoliopsida";"Fagales";"Betulaceae";"Betula";"Betula pendula";"SPECIES"
"279";322;"brachythecium rutabulum (hedw.) schimp.";"Brachythecium rutabulum";97;"Brachythecium rutabulum";"Plantae";"Bryophyta";"Bryopsida";"Hypnales";"Brachytheciaceae";"Brachythecium";"Brachythecium rutabulum";"SPECIES"
"280";325;"campanula rotundifolia l.";"Campanula rotundifolia";97;"Campanula rotundifolia";"Plantae";"Tracheophyta";"Magnoliopsida";"Asterales";"Campanulaceae";"Campanula";"Campanula rotundifolia";"SPECIES"
"281";326;"carex cespitosa l.";"Carex cespitosa";97;"Carex cespitosa";"Plantae";"Tracheophyta";"Liliopsida";"Poales";"Cyperaceae";"Carex";"Carex cespitosa";"SPECIES"
"282";329;"carex echinata murray";"Carex echinata";97;"Carex echinata";"Plantae";"Tracheophyta";"Liliopsida";"Poales";"Cyperaceae";"Carex";"Carex echinata";"SPECIES"
"283";330;"carex nigra var. recta (f.fleisch) hyl.";"Carex nigra recta";97;"Carex nigra recta";"Plantae";"Tracheophyta";"Liliopsida";"Poales";"Cyperaceae";"Carex";"Carex nigra";"SUBSPECIES"
"284";331;"centaurea cyanus l.";"Centaurea cyanus";99;"Centaurea cyanus";"Plantae";"Tracheophyta";"Magnoliopsida";"Asterales";"Asteraceae";"Centaurea";"Centaurea cyanus";"SPECIES"
"285";332;"cerastium fontanum baumg.";"Cerastium fontanum";99;"Cerastium fontanum";"Plantae";"Tracheophyta";"Magnoliopsida";"Caryophyllales";"Caryophyllaceae";"Cerastium";"Cerastium fontanum";"SPECIES"
"286";333;"ceratophyllum submersum l.";"Ceratophyllum submersum";99;"Ceratophyllum submersum";"Plantae";"Tracheophyta";"Magnoliopsida";"Ceratophyllales";"Ceratophyllaceae";"Ceratophyllum";"Ceratophyllum submersum";"SPECIES"
"287";334;"chaerophyllum temulum l.";"Chaerophyllum temulum";99;"Chaerophyllum temulum";"Plantae";"Tracheophyta";"Magnoliopsida";"Apiales";"Apiaceae";"Chaerophyllum";"Chaerophyllum temulum";"SPECIES"
"288";335;"chelidonium majus l.";"Chelidonium majus";98;"Chelidonium majus";"Plantae";"Tracheophyta";"Magnoliopsida";"Ranunculales";"Papaveraceae";"Chelidonium";"Chelidonium majus";"SPECIES"
"289";337;"chrysosplenium alternifolium l.";"Chrysosplenium alternifolium";99;"Chrysosplenium alternifolium";"Plantae";"Tracheophyta";"Magnoliopsida";"Saxifragales";"Saxifragaceae";"Chrysosplenium";"Chrysosplenium alternifolium";"SPECIES"
"290";338;"cicuta virosa l.";"Cicuta virosa";99;"Cicuta virosa";"Plantae";"Tracheophyta";"Magnoliopsida";"Apiales";"Apiaceae";"Cicuta";"Cicuta virosa";"SPECIES"
"291";339;"climacium dendroides (hedw.) f.weber & d.mohr";"Climacium dendroides";99;"Climacium dendroides";"Plantae";"Bryophyta";"Bryopsida";"Hypnales";"Climaciaceae";"Climacium";"Climacium dendroides";"SPECIES"
"292";343;"dactylorhiza majalis subsp. majalis";"Dactylorhiza majalis majalis";97;"Dactylorhiza majalis majalis";"Plantae";"Tracheophyta";"Liliopsida";"Asparagales";"Orchidaceae";"Dactylorhiza";"Dactylorhiza majalis";"SUBSPECIES"
"293";345;"daucus carota l.";"Daucus carota";97;"Daucus carota";"Plantae";"Tracheophyta";"Magnoliopsida";"Apiales";"Apiaceae";"Daucus";"Daucus carota";"SPECIES"
"294";346;"draba verna l.";"Draba verna";99;"Draba verna";"Plantae";"Tracheophyta";"Magnoliopsida";"Brassicales";"Brassicaceae";"Draba";"Draba verna";"SPECIES"
"295";348;"equisetum sylvaticum l.";"Equisetum sylvaticum";99;"Equisetum sylvaticum";"Plantae";"Tracheophyta";"Polypodiopsida";"Equisetales";"Equisetaceae";"Equisetum";"Equisetum sylvaticum";"SPECIES"
"296";349;"eranthis hyemalis (l.) salisb.";"Eranthis hyemalis";99;"Eranthis hyemalis";"Plantae";"Tracheophyta";"Magnoliopsida";"Ranunculales";"Ranunculaceae";"Eranthis";"Eranthis hyemalis";"SPECIES"
"297";353;"fragaria vesca l.";"Fragaria vesca";98;"Fragaria vesca";"Plantae";"Tracheophyta";"Magnoliopsida";"Rosales";"Rosaceae";"Fragaria";"Fragaria vesca";"SPECIES"
"298";355;"gagea lutea (l.) ker gawl.";"Gagea lutea";97;"Gagea lutea";"Plantae";"Tracheophyta";"Liliopsida";"Liliales";"Liliaceae";"Gagea";"Gagea lutea";"SPECIES"
"299";358;"holcus mollis l.";"Holcus mollis";99;"Holcus mollis";"Plantae";"Tracheophyta";"Liliopsida";"Poales";"Poaceae";"Holcus";"Holcus mollis";"SPECIES"
"300";360;"ilex aquifolium l.";"Ilex aquifolium";97;"Ilex aquifolium";"Plantae";"Tracheophyta";"Magnoliopsida";"Aquifoliales";"Aquifoliaceae";"Ilex";"Ilex aquifolium";"SPECIES"
"301";361;"impatiens parviflora dc.";"Impatiens parviflora";99;"Impatiens parviflora";"Plantae";"Tracheophyta";"Magnoliopsida";"Ericales";"Balsaminaceae";"Impatiens";"Impatiens parviflora";"SPECIES"
"302";363;"lamium album l.";"Lamium album";97;"Lamium album";"Plantae";"Tracheophyta";"Magnoliopsida";"Lamiales";"Lamiaceae";"Lamium";"Lamium album";"SPECIES"
"303";364;"lamium purpureum l.";"Lamium purpureum";99;"Lamium purpureum";"Plantae";"Tracheophyta";"Magnoliopsida";"Lamiales";"Lamiaceae";"Lamium";"Lamium purpureum";"SPECIES"
"304";366;"ligustrum vulgare l.";"Ligustrum vulgare";98;"Ligustrum vulgare";"Plantae";"Tracheophyta";"Magnoliopsida";"Lamiales";"Oleaceae";"Ligustrum";"Ligustrum vulgare";"SPECIES"
"305";367;"lotus pedunculatus cav.";"Lotus pedunculatus";99;"Lotus pedunculatus";"Plantae";"Tracheophyta";"Magnoliopsida";"Fabales";"Fabaceae";"Lotus";"Lotus pedunculatus";"SPECIES"
"306";369;"luzula multiflora (ehrh.) lej.";"Luzula multiflora";99;"Luzula multiflora";"Plantae";"Tracheophyta";"Liliopsida";"Poales";"Juncaceae";"Luzula";"Luzula multiflora";"SPECIES"
"307";370;"luzula pilosa (l.) willd.";"Luzula pilosa";98;"Luzula pilosa";"Plantae";"Tracheophyta";"Liliopsida";"Poales";"Juncaceae";"Luzula";"Luzula pilosa";"SPECIES"
"308";371;"lysimachia nemorum l.";"Lysimachia nemorum";97;"Lysimachia nemorum";"Plantae";"Tracheophyta";"Magnoliopsida";"Ericales";"Primulaceae";"Lysimachia";"Lysimachia nemorum";"SPECIES"
"309";372;"lysimachia thyrsiflora l.";"Lysimachia thyrsiflora";98;"Lysimachia thyrsiflora";"Plantae";"Tracheophyta";"Magnoliopsida";"Ericales";"Primulaceae";"Lysimachia";"Lysimachia thyrsiflora";"SPECIES"
"310";376;"matricaria discoidea dc.";"Matricaria discoidea";99;"Matricaria discoidea";"Plantae";"Tracheophyta";"Magnoliopsida";"Asterales";"Asteraceae";"Matricaria";"Matricaria discoidea";"SPECIES"
"311";378;"myosotis arvensis (l.) hill";"Myosotis arvensis";97;"Myosotis arvensis";"Plantae";"Tracheophyta";"Magnoliopsida";"Boraginales";"Boraginaceae";"Myosotis";"Myosotis arvensis";"SPECIES"
"312";383;"nymphaea alba l.";"Nymphaea alba";97;"Nymphaea alba";"Plantae";"Tracheophyta";"Magnoliopsida";"Nymphaeales";"Nymphaeaceae";"Nymphaea";"Nymphaea alba";"SPECIES"
"313";388;"persicaria hydropiper (l.) delarbre";"Persicaria hydropiper";97;"Persicaria hydropiper";"Plantae";"Tracheophyta";"Magnoliopsida";"Caryophyllales";"Polygonaceae";"Persicaria";"Persicaria hydropiper";"SPECIES"
"314";389;"persicaria maculosa gray";"Persicaria maculosa";99;"Persicaria maculosa";"Plantae";"Tracheophyta";"Magnoliopsida";"Caryophyllales";"Polygonaceae";"Persicaria";"Persicaria maculosa";"SPECIES"
"315";391;"picea abies (l.) h.karst.";"Picea abies";97;"Picea abies";"Plantae";"Tracheophyta";"Pinopsida";"Pinales";"Pinaceae";"Picea";"Picea abies";"SPECIES"
"316";392;"picea sitchensis (bong.) carrière";"Picea sitchensis";97;"Picea sitchensis";"Plantae";"Tracheophyta";"Pinopsida";"Pinales";"Pinaceae";"Picea";"Picea sitchensis";"SPECIES"
"317";393;"plagiomnium elatum (bruch & schimp.) t.j.kop.";"Plagiomnium elatum";99;"Plagiomnium elatum";"Plantae";"Bryophyta";"Bryopsida";"Bryales";"Mniaceae";"Plagiomnium";"Plagiomnium elatum";"SPECIES"
"318";394;"poa nemoralis l.";"Poa nemoralis";97;"Poa nemoralis";"Plantae";"Tracheophyta";"Liliopsida";"Poales";"Poaceae";"Poa";"Poa nemoralis";"SPECIES"
"319";407;"rosa canina subsp. canina";"Rosa canina canina";97;"Rosa canina canina";"Plantae";"Tracheophyta";"Magnoliopsida";"Rosales";"Rosaceae";"Rosa";"Rosa canina";"VARIETY"
"320";409;"rosa rugosa thunb.";"Rosa rugosa";97;"Rosa rugosa";"Plantae";"Tracheophyta";"Magnoliopsida";"Rosales";"Rosaceae";"Rosa";"Rosa rugosa";"SPECIES"
"321";411;"rumex acetosella subsp. acetosella";"Rumex acetosella acetosella";97;"Rumex acetosella acetosella";"Plantae";"Tracheophyta";"Magnoliopsida";"Caryophyllales";"Polygonaceae";"Rumex";"Rumex acetosella";"SUBSPECIES"
"322";412;"salix caprea l.";"Salix caprea";97;"Salix caprea";"Plantae";"Tracheophyta";"Magnoliopsida";"Malpighiales";"Salicaceae";"Salix";"Salix caprea";"SPECIES"
"323";414;"schoenoplectus lacustris (l.) palla";"Schoenoplectus lacustris";99;"Schoenoplectus lacustris";"Plantae";"Tracheophyta";"Liliopsida";"Poales";"Cyperaceae";"Schoenoplectus";"Schoenoplectus lacustris";"SPECIES"
"324";418;"silene vulgaris (moench) garcke";"Silene vulgaris";99;"Silene vulgaris";"Plantae";"Tracheophyta";"Magnoliopsida";"Caryophyllales";"Caryophyllaceae";"Silene";"Silene vulgaris";"SPECIES"
"325";420;"solidago virgaurea l.";"Solidago virgaurea";98;"Solidago virgaurea";"Plantae";"Tracheophyta";"Magnoliopsida";"Asterales";"Asteraceae";"Solidago";"Solidago virgaurea";"SPECIES"
"326";421;"sonchus asper (l.) hill";"Sonchus asper";97;"Sonchus asper";"Plantae";"Tracheophyta";"Magnoliopsida";"Asterales";"Asteraceae";"Sonchus";"Sonchus asper";"SPECIES"
"327";422;"spirodela polyrhiza (l.) schleid.";"Spirodela polyrhiza";99;"Spirodela polyrhiza";"Plantae";"Tracheophyta";"Liliopsida";"Alismatales";"Araceae";"Spirodela";"Spirodela polyrhiza";"SPECIES"
"328";423;"stellaria media (l.) vill.";"Stellaria media";97;"Stellaria media";"Plantae";"Tracheophyta";"Magnoliopsida";"Caryophyllales";"Caryophyllaceae";"Stellaria";"Stellaria media";"SPECIES"
"329";424;"symphoricarpos albus (l.) k.koch";"Symphoricarpos albus";97;"Symphoricarpos albus";"Plantae";"Tracheophyta";"Magnoliopsida";"Dipsacales";"Caprifoliaceae";"Symphoricarpos";"Symphoricarpos albus";"SPECIES"
"330";426;"syringa vulgaris l.";"Syringa vulgaris";99;"Syringa vulgaris";"Plantae";"Tracheophyta";"Magnoliopsida";"Lamiales";"Oleaceae";"Syringa";"Syringa vulgaris";"SPECIES"
"331";428;"taraxacum officinale weber ex f.h.wigg.";"Taraxacum officinale";98;"Taraxacum officinale";"Plantae";"Tracheophyta";"Magnoliopsida";"Asterales";"Asteraceae";"Taraxacum";"Taraxacum officinale";"SPECIES"
"332";432;"trifolium arvense l.";"Trifolium arvense";97;"Trifolium arvense";"Plantae";"Tracheophyta";"Magnoliopsida";"Fabales";"Fabaceae";"Trifolium";"Trifolium arvense";"SPECIES"
"333";434;"tripleurospermum inodorum (l.) sch.-bip";"Tripleurospermum inodorum";99;"Tripleurospermum inodorum";"Plantae";"Tracheophyta";"Magnoliopsida";"Asterales";"Asteraceae";"Tripleurospermum";"Tripleurospermum inodorum";"SPECIES"
"334";436;"valeriana officinalis subsp. sambucifolia (j.c.mikan ex pohl) wirtg.";"Valeriana officinalis sambucifolia";97;"Valeriana officinalis sambucifolia";"Plantae";"Tracheophyta";"Magnoliopsida";"Dipsacales";"Caprifoliaceae";"Valeriana";"Valeriana excelsa";"SUBSPECIES"
"335";437;"veronica anagallis-aquatica l.";"Veronica anagallis-aquatica";99;"Veronica anagallis-aquatica";"Plantae";"Tracheophyta";"Magnoliopsida";"Lamiales";"Plantaginaceae";"Veronica";"Veronica anagallis-aquatica";"SPECIES"
"336";438;"veronica arvensis l.";"Veronica arvensis";98;"Veronica arvensis";"Plantae";"Tracheophyta";"Magnoliopsida";"Lamiales";"Plantaginaceae";"Veronica";"Veronica arvensis";"SPECIES"
"337";439;"veronica officinalis l.";"Veronica officinalis";99;"Veronica officinalis";"Plantae";"Tracheophyta";"Magnoliopsida";"Lamiales";"Plantaginaceae";"Veronica";"Veronica officinalis";"SPECIES"
"338";440;"vicia sativa subsp. nigra ehrh.";"Vicia sativa nigra";97;"Vicia sativa nigra";"Plantae";"Tracheophyta";"Magnoliopsida";"Fabales";"Fabaceae";"Vicia";"Vicia sativa";"SUBSPECIES"
"339";442;"viola odorata l.";"Viola odorata";97;"Viola odorata";"Plantae";"Tracheophyta";"Magnoliopsida";"Malpighiales";"Violaceae";"Viola";"Viola odorata";"SPECIES"
