"";"Taxa";"matched_name2";"confidence";"canonicalName";"kingdom";"phylum";"class";"order";"family";"genus";"species";"rank"
"1";"juncus effusus l.";"Juncus effusus";98;"Juncus effusus";"Plantae";"Tracheophyta";"Liliopsida";"Poales";"Juncaceae";"Juncus";"Juncus effusus";"SPECIES"
"2";"filipendula ulmaria (l.) maxim.";"Filipendula ulmaria";98;"Filipendula ulmaria";"Plantae";"Tracheophyta";"Magnoliopsida";"Rosales";"Rosaceae";"Filipendula";"Filipendula ulmaria";"SPECIES"
"3";"epilobium hirsutum l.";"Epilobium hirsutum";97;"Epilobium hirsutum";"Plantae";"Tracheophyta";"Magnoliopsida";"Myrtales";"Onagraceae";"Epilobium";"Epilobium hirsutum";"SPECIES"
"4";"poa trivialis l.";"Poa trivialis";98;"Poa trivialis";"Plantae";"Tracheophyta";"Liliopsida";"Poales";"Poaceae";"Poa";"Poa trivialis";"SPECIES"
"5";"urtica dioica l.";"Urtica dioica";97;"Urtica dioica";"Plantae";"Tracheophyta";"Magnoliopsida";"Rosales";"Urticaceae";"Urtica";"Urtica dioica";"SPECIES"
"6";"ranunculus repens l.";"Ranunculus repens";98;"Ranunculus repens";"Plantae";"Tracheophyta";"Magnoliopsida";"Ranunculales";"Ranunculaceae";"Ranunculus";"Ranunculus repens";"SPECIES"
"7";"deschampsia cespitosa (l.) p.beauv.";"Deschampsia cespitosa";99;"Deschampsia cespitosa";"Plantae";"Tracheophyta";"Liliopsida";"Poales";"Poaceae";"Deschampsia";"Deschampsia cespitosa";"SPECIES"
"8";"alnus glutinosa (l.) gaertn.";"Alnus glutinosa";98;"Alnus glutinosa";"Plantae";"Tracheophyta";"Magnoliopsida";"Fagales";"Betulaceae";"Alnus";"Alnus glutinosa";"SPECIES"
"9";"holcus lanatus l.";"Holcus lanatus";99;"Holcus lanatus";"Plantae";"Tracheophyta";"Liliopsida";"Poales";"Poaceae";"Holcus";"Holcus lanatus";"SPECIES"
"10";"alopecurus geniculatus l.";"Alopecurus geniculatus";97;"Alopecurus geniculatus";"Plantae";"Tracheophyta";"Liliopsida";"Poales";"Poaceae";"Alopecurus";"Alopecurus geniculatus";"SPECIES"
"11";"ranunculus acris l.";"Ranunculus acris";97;"Ranunculus acris";"Plantae";"Tracheophyta";"Magnoliopsida";"Ranunculales";"Ranunculaceae";"Ranunculus";"Ranunculus acris";"SPECIES"
"12";"typha latifolia l.";"Typha latifolia";98;"Typha latifolia";"Plantae";"Tracheophyta";"Liliopsida";"Poales";"Typhaceae";"Typha";"Typha latifolia";"SPECIES"
"13";"carex hirta l.";"Carex hirta";98;"Carex hirta";"Plantae";"Tracheophyta";"Liliopsida";"Poales";"Cyperaceae";"Carex";"Carex hirta";"SPECIES"
"14";"phalaris arundinacea l.";"Phalaris arundinacea";98;"Phalaris arundinacea";"Plantae";"Tracheophyta";"Liliopsida";"Poales";"Poaceae";"Phalaris";"Phalaris arundinacea";"SPECIES"
"15";"dactylis glomerata l.";"Dactylis glomerata";99;"Dactylis glomerata";"Plantae";"Tracheophyta";"Liliopsida";"Poales";"Poaceae";"Dactylis";"Dactylis glomerata";"SPECIES"
"16";"cirsium oleraceum (l.) scop.";"Cirsium oleraceum";99;"Cirsium oleraceum";"Plantae";"Tracheophyta";"Magnoliopsida";"Asterales";"Asteraceae";"Cirsium";"Cirsium oleraceum";"SPECIES"
"17";"geum rivale l.";"Geum rivale";97;"Geum rivale";"Plantae";"Tracheophyta";"Magnoliopsida";"Rosales";"Rosaceae";"Geum";"Geum rivale";"SPECIES"
"18";"geum urbanum l.";"Geum urbanum";97;"Geum urbanum";"Plantae";"Tracheophyta";"Magnoliopsida";"Rosales";"Rosaceae";"Geum";"Geum urbanum";"SPECIES"
"19";"glechoma hederacea l.";"Glechoma hederacea";99;"Glechoma hederacea";"Plantae";"Tracheophyta";"Magnoliopsida";"Lamiales";"Lamiaceae";"Glechoma";"Glechoma hederacea";"SPECIES"
"20";"glyceria fluitans (l.) r.br.";"Glyceria fluitans";99;"Glyceria fluitans";"Plantae";"Tracheophyta";"Liliopsida";"Poales";"Poaceae";"Glyceria";"Glyceria fluitans";"SPECIES"
"21";"acer pseudoplatanus l.";"Acer pseudoplatanus";97;"Acer pseudoplatanus";"Plantae";"Tracheophyta";"Magnoliopsida";"Sapindales";"Sapindaceae";"Acer";"Acer pseudoplatanus";"SPECIES"
"22";"festuca rubra l.";"Festuca rubra";98;"Festuca rubra";"Plantae";"Tracheophyta";"Liliopsida";"Poales";"Poaceae";"Festuca";"Festuca rubra";"SPECIES"
"23";"ficaria verna huds.";"Ficaria verna";99;"Ficaria verna";"Plantae";"Tracheophyta";"Magnoliopsida";"Ranunculales";"Ranunculaceae";"Ficaria";"Ficaria verna";"SPECIES"
"24";"alopecurus pratensis l.";"Alopecurus pratensis";97;"Alopecurus pratensis";"Plantae";"Tracheophyta";"Liliopsida";"Poales";"Poaceae";"Alopecurus";"Alopecurus pratensis";"SPECIES"
"25";"ajuga reptans l.";"Ajuga reptans";99;"Ajuga reptans";"Plantae";"Tracheophyta";"Magnoliopsida";"Lamiales";"Lamiaceae";"Ajuga";"Ajuga reptans";"SPECIES"
"26";"cerastium fontanum var. vulgare (hartm.) greuter & burdet";"Cerastium fontanum vulgare";97;"Cerastium fontanum vulgare";"Plantae";"Tracheophyta";"Magnoliopsida";"Caryophyllales";"Caryophyllaceae";"Cerastium";"Cerastium holosteoides";"SUBSPECIES"
"27";"cirsium arvense (l.) scop.";"Cirsium arvense";99;"Cirsium arvense";"Plantae";"Tracheophyta";"Magnoliopsida";"Asterales";"Asteraceae";"Cirsium";"Cirsium arvense";"SPECIES"
"28";"galium aparine l.";"Galium aparine";99;"Galium aparine";"Plantae";"Tracheophyta";"Magnoliopsida";"Gentianales";"Rubiaceae";"Galium";"Galium aparine";"SPECIES"
"29";"iris pseudacorus l.";"Iris pseudacorus";99;"Iris pseudacorus";"Plantae";"Tracheophyta";"Liliopsida";"Asparagales";"Iridaceae";"Iris";"Iris pseudacorus";"SPECIES"
"30";"lathyrus pratensis l.";"Lathyrus pratensis";99;"Lathyrus pratensis";"Plantae";"Tracheophyta";"Magnoliopsida";"Fabales";"Fabaceae";"Lathyrus";"Lathyrus pratensis";"SPECIES"
"31";"veronica beccabunga l.";"Veronica beccabunga";97;"Veronica beccabunga";"Plantae";"Tracheophyta";"Magnoliopsida";"Lamiales";"Plantaginaceae";"Veronica";"Veronica beccabunga";"SPECIES"
"32";"juncus articulatus l.";"Juncus articulatus";97;"Juncus articulatus";"Plantae";"Tracheophyta";"Liliopsida";"Poales";"Juncaceae";"Juncus";"Juncus articulatus";"SPECIES"
"33";"silene dioica (l.) clairv.";"Silene dioica";97;"Silene dioica";"Plantae";"Tracheophyta";"Magnoliopsida";"Caryophyllales";"Caryophyllaceae";"Silene";"Silene dioica";"SPECIES"
"34";"argentina anserina (l.) rydb.";"Argentina anserina";99;"Argentina anserina";"Plantae";"Tracheophyta";"Magnoliopsida";"Rosales";"Rosaceae";"Argentina";"Argentina anserina";"SPECIES"
"35";"trifolium repens l.";"Trifolium repens";97;"Trifolium repens";"Plantae";"Tracheophyta";"Magnoliopsida";"Fabales";"Fabaceae";"Trifolium";"Trifolium repens";"SPECIES"
"36";"fraxinus excelsior l.";"Fraxinus excelsior";97;"Fraxinus excelsior";"Plantae";"Tracheophyta";"Magnoliopsida";"Lamiales";"Oleaceae";"Fraxinus";"Fraxinus excelsior";"SPECIES"
"37";"rumex acetosa l.";"Rumex acetosa";99;"Rumex acetosa";"Plantae";"Tracheophyta";"Magnoliopsida";"Caryophyllales";"Polygonaceae";"Rumex";"Rumex acetosa";"SPECIES"
"38";"rumex crispus l.";"Rumex crispus";97;"Rumex crispus";"Plantae";"Tracheophyta";"Magnoliopsida";"Caryophyllales";"Polygonaceae";"Rumex";"Rumex crispus";"SPECIES"
"39";"salix cinerea l.";"Salix cinerea";97;"Salix cinerea";"Plantae";"Tracheophyta";"Magnoliopsida";"Malpighiales";"Salicaceae";"Salix";"Salix cinerea";"SPECIES"
"40";"scirpus sylvaticus l.";"Scirpus sylvaticus";97;"Scirpus sylvaticus";"Plantae";"Tracheophyta";"Liliopsida";"Poales";"Cyperaceae";"Scirpus";"Scirpus sylvaticus";"SPECIES"
"41";"angelica sylvestris l.";"Angelica sylvestris";99;"Angelica sylvestris";"Plantae";"Tracheophyta";"Magnoliopsida";"Apiales";"Apiaceae";"Angelica";"Angelica sylvestris";"SPECIES"
"42";"geranium robertianum l.";"Geranium robertianum";99;"Geranium robertianum";"Plantae";"Tracheophyta";"Magnoliopsida";"Geraniales";"Geraniaceae";"Geranium";"Geranium robertianum";"SPECIES"
"43";"veronica chamaedrys l.";"Veronica chamaedrys";97;"Veronica chamaedrys";"Plantae";"Tracheophyta";"Magnoliopsida";"Lamiales";"Plantaginaceae";"Veronica";"Veronica chamaedrys";"SPECIES"
"44";"anthriscus sylvestris (l.) hoffm.";"Anthriscus sylvestris";99;"Anthriscus sylvestris";"Plantae";"Tracheophyta";"Magnoliopsida";"Apiales";"Apiaceae";"Anthriscus";"Anthriscus sylvestris";"SPECIES"
"45";"cardamine pratensis l.";"Cardamine pratensis";97;"Cardamine pratensis";"Plantae";"Tracheophyta";"Magnoliopsida";"Brassicales";"Brassicaceae";"Cardamine";"Cardamine pratensis";"SPECIES"
"46";"equisetum arvense l.";"Equisetum arvense";99;"Equisetum arvense";"Plantae";"Tracheophyta";"Polypodiopsida";"Equisetales";"Equisetaceae";"Equisetum";"Equisetum arvense";"SPECIES"
"47";"myosotis scorpioides l.";"Myosotis scorpioides";97;"Myosotis scorpioides";"Plantae";"Tracheophyta";"Magnoliopsida";"Boraginales";"Boraginaceae";"Myosotis";"Myosotis scorpioides";"SPECIES"
"48";"valeriana sambucifolia subsp. sambucifolia";"Valeriana sambucifolia sambucifolia";98;"Valeriana sambucifolia sambucifolia";"Plantae";"Tracheophyta";"Magnoliopsida";"Dipsacales";"Caprifoliaceae";"Valeriana";"Valeriana sambucifolia";"SUBSPECIES"
"49";"carex disticha huds.";"Carex disticha";97;"Carex disticha";"Plantae";"Tracheophyta";"Liliopsida";"Poales";"Cyperaceae";"Carex";"Carex disticha";"SPECIES"
"50";"eleocharis palustris (l.) roem. & schult.";"Eleocharis palustris";97;"Eleocharis palustris";"Plantae";"Tracheophyta";"Liliopsida";"Poales";"Cyperaceae";"Eleocharis";"Eleocharis palustris";"SPECIES"
"51";"equisetum fluviatile l.";"Equisetum fluviatile";99;"Equisetum fluviatile";"Plantae";"Tracheophyta";"Polypodiopsida";"Equisetales";"Equisetaceae";"Equisetum";"Equisetum fluviatile";"SPECIES"
"52";"galium palustre l.";"Galium palustre";97;"Galium palustre";"Plantae";"Tracheophyta";"Magnoliopsida";"Gentianales";"Rubiaceae";"Galium";"Galium palustre";"SPECIES"
"53";"lolium perenne l.";"Lolium perenne";98;"Lolium perenne";"Plantae";"Tracheophyta";"Liliopsida";"Poales";"Poaceae";"Lolium";"Lolium perenne";"SPECIES"
"54";"agrostis stolonifera l.";"Agrostis stolonifera";97;"Agrostis stolonifera";"Plantae";"Tracheophyta";"Liliopsida";"Poales";"Poaceae";"Agrostis";"Agrostis stolonifera";"SPECIES"
"55";"lysimachia nummularia l.";"Lysimachia nummularia";99;"Lysimachia nummularia";"Plantae";"Tracheophyta";"Magnoliopsida";"Ericales";"Primulaceae";"Lysimachia";"Lysimachia nummularia";"SPECIES"
"56";"persicaria amphibia (l.) delarbre";"Persicaria amphibia";97;"Persicaria amphibia";"Plantae";"Tracheophyta";"Magnoliopsida";"Caryophyllales";"Polygonaceae";"Persicaria";"Persicaria amphibia";"SPECIES"
"57";"schedonorus pratensis (huds.) p.beauv.";"Schedonorus pratensis";98;"Schedonorus pratensis";"Plantae";"Tracheophyta";"Liliopsida";"Poales";"Poaceae";"Lolium";"Lolium pratense";"SPECIES"
"58";"mentha aquatica l.";"Mentha aquatica";98;"Mentha aquatica";"Plantae";"Tracheophyta";"Magnoliopsida";"Lamiales";"Lamiaceae";"Mentha";"Mentha aquatica";"SPECIES"
"59";"rumex obtusifolius l.";"Rumex obtusifolius";97;"Rumex obtusifolius";"Plantae";"Tracheophyta";"Magnoliopsida";"Caryophyllales";"Polygonaceae";"Rumex";"Rumex obtusifolius";"SPECIES"
"60";"trifolium pratense l.";"Trifolium pratense";99;"Trifolium pratense";"Plantae";"Tracheophyta";"Magnoliopsida";"Fabales";"Fabaceae";"Trifolium";"Trifolium pratense";"SPECIES"
"61";"lemna minor l.";"Lemna minor";98;"Lemna minor";"Plantae";"Tracheophyta";"Liliopsida";"Alismatales";"Araceae";"Lemna";"Lemna minor";"SPECIES"
"62";"bellis perennis l.";"Bellis perennis";99;"Bellis perennis";"Plantae";"Tracheophyta";"Magnoliopsida";"Asterales";"Asteraceae";"Bellis";"Bellis perennis";"SPECIES"
"63";"cirsium palustre (l.) scop.";"Cirsium palustre";97;"Cirsium palustre";"Plantae";"Tracheophyta";"Magnoliopsida";"Asterales";"Asteraceae";"Cirsium";"Cirsium palustre";"SPECIES"
"64";"corylus avellana l.";"Corylus avellana";98;"Corylus avellana";"Plantae";"Tracheophyta";"Magnoliopsida";"Fagales";"Betulaceae";"Corylus";"Corylus avellana";"SPECIES"
"65";"crataegus laevigata (poir.) dc.";"Crataegus laevigata";99;"Crataegus laevigata";"Plantae";"Tracheophyta";"Magnoliopsida";"Rosales";"Rosaceae";"Crataegus";"Crataegus laevigata";"SPECIES"
"66";"crataegus monogyna jacq.";"Crataegus monogyna";97;"Crataegus monogyna";"Plantae";"Tracheophyta";"Magnoliopsida";"Rosales";"Rosaceae";"Crataegus";"Crataegus monogyna";"SPECIES"
"67";"potentilla reptans l.";"Potentilla reptans";97;"Potentilla reptans";"Plantae";"Tracheophyta";"Magnoliopsida";"Rosales";"Rosaceae";"Potentilla";"Potentilla reptans";"SPECIES"
"68";"ranunculus sceleratus l.";"Ranunculus sceleratus";99;"Ranunculus sceleratus";"Plantae";"Tracheophyta";"Magnoliopsida";"Ranunculales";"Ranunculaceae";"Ranunculus";"Ranunculus sceleratus";"SPECIES"
"69";"bromus hordeaceus subsp. hordeaceus";"Bromus hordeaceus hordeaceus";97;"Bromus hordeaceus hordeaceus";"Plantae";"Tracheophyta";"Liliopsida";"Poales";"Poaceae";"Bromus";"Bromus hordeaceus";"SUBSPECIES"
"70";"cardamine amara l.";"Cardamine amara";98;"Cardamine amara";"Plantae";"Tracheophyta";"Magnoliopsida";"Brassicales";"Brassicaceae";"Cardamine";"Cardamine amara";"SPECIES"
"71";"cirsium vulgare (savi) ten.";"Cirsium vulgare";97;"Cirsium vulgare";"Plantae";"Tracheophyta";"Magnoliopsida";"Asterales";"Asteraceae";"Cirsium";"Cirsium vulgare";"SPECIES"
"72";"lysimachia vulgaris l.";"Lysimachia vulgaris";97;"Lysimachia vulgaris";"Plantae";"Tracheophyta";"Magnoliopsida";"Ericales";"Primulaceae";"Lysimachia";"Lysimachia vulgaris";"SPECIES"
"73";"sparganium erectum l.";"Sparganium erectum";98;"Sparganium erectum";"Plantae";"Tracheophyta";"Liliopsida";"Poales";"Typhaceae";"Sparganium";"Sparganium erectum";"SPECIES"
"74";"carex acutiformis ehrh.";"Carex acutiformis";97;"Carex acutiformis";"Plantae";"Tracheophyta";"Liliopsida";"Poales";"Cyperaceae";"Carex";"Carex acutiformis";"SPECIES"
"75";"carex nigra var. nigra";"Carex nigra nigra";97;"Carex nigra nigra";"Plantae";"Tracheophyta";"Liliopsida";"Poales";"Cyperaceae";"Carex";"Carex nigra";"SUBSPECIES"
"76";"equisetum palustre l.";"Equisetum palustre";99;"Equisetum palustre";"Plantae";"Tracheophyta";"Polypodiopsida";"Equisetales";"Equisetaceae";"Equisetum";"Equisetum palustre";"SPECIES"
"77";"fagus sylvatica l.";"Fagus sylvatica";99;"Fagus sylvatica";"Plantae";"Tracheophyta";"Magnoliopsida";"Fagales";"Fagaceae";"Fagus";"Fagus sylvatica";"SPECIES"
"78";"galium odoratum (l.) scop.";"Galium odoratum";99;"Galium odoratum";"Plantae";"Tracheophyta";"Magnoliopsida";"Gentianales";"Rubiaceae";"Galium";"Galium odoratum";"SPECIES"
"79";"lychnis flos-cuculi l.";"Lychnis flos-cuculi";98;"Lychnis flos-cuculi";"Plantae";"Tracheophyta";"Magnoliopsida";"Caryophyllales";"Caryophyllaceae";"Silene";"Silene flos-cuculi";"SPECIES"
"80";"plantago lanceolata l.";"Plantago lanceolata";98;"Plantago lanceolata";"Plantae";"Tracheophyta";"Magnoliopsida";"Lamiales";"Plantaginaceae";"Plantago";"Plantago lanceolata";"SPECIES"
"81";"solanum dulcamara l.";"Solanum dulcamara";99;"Solanum dulcamara";"Plantae";"Tracheophyta";"Magnoliopsida";"Solanales";"Solanaceae";"Solanum";"Solanum dulcamara";"SPECIES"
"82";"agrostis capillaris l.";"Agrostis capillaris";97;"Agrostis capillaris";"Plantae";"Tracheophyta";"Liliopsida";"Poales";"Poaceae";"Agrostis";"Agrostis capillaris";"SPECIES"
"83";"anthoxanthum odoratum l.";"Anthoxanthum odoratum";99;"Anthoxanthum odoratum";"Plantae";"Tracheophyta";"Liliopsida";"Poales";"Poaceae";"Anthoxanthum";"Anthoxanthum odoratum";"SPECIES"
"84";"caltha palustris l.";"Caltha palustris";99;"Caltha palustris";"Plantae";"Tracheophyta";"Magnoliopsida";"Ranunculales";"Ranunculaceae";"Caltha";"Caltha palustris";"SPECIES"
"85";"juncus inflexus l.";"Juncus inflexus";98;"Juncus inflexus";"Plantae";"Tracheophyta";"Liliopsida";"Poales";"Juncaceae";"Juncus";"Juncus inflexus";"SPECIES"
"86";"elytrigia repens (l.) nevski";"Elytrigia repens";97;"Elytrigia repens";"Plantae";"Tracheophyta";"Liliopsida";"Poales";"Poaceae";"Elymus";"Elymus repens";"SPECIES"
"87";"juncus conglomeratus l.";"Juncus conglomeratus";99;"Juncus conglomeratus";"Plantae";"Tracheophyta";"Liliopsida";"Poales";"Juncaceae";"Juncus";"Juncus conglomeratus";"SPECIES"
"88";"rubus idaeus l.";"Rubus idaeus";97;"Rubus idaeus";"Plantae";"Tracheophyta";"Magnoliopsida";"Rosales";"Rosaceae";"Rubus";"Rubus idaeus";"SPECIES"
"89";"stellaria graminea l.";"Stellaria graminea";97;"Stellaria graminea";"Plantae";"Tracheophyta";"Magnoliopsida";"Caryophyllales";"Caryophyllaceae";"Stellaria";"Stellaria graminea";"SPECIES"
"90";"carex vesicaria l.";"Carex vesicaria";97;"Carex vesicaria";"Plantae";"Tracheophyta";"Liliopsida";"Poales";"Cyperaceae";"Carex";"Carex vesicaria";"SPECIES"
"91";"melica uniflora retz.";"Melica uniflora";99;"Melica uniflora";"Plantae";"Tracheophyta";"Liliopsida";"Poales";"Poaceae";"Melica";"Melica uniflora";"SPECIES"
"92";"rumex sanguineus l.";"Rumex sanguineus";97;"Rumex sanguineus";"Plantae";"Tracheophyta";"Magnoliopsida";"Caryophyllales";"Polygonaceae";"Rumex";"Rumex sanguineus";"SPECIES"
"93";"salix viminalis l.";"Salix viminalis";97;"Salix viminalis";"Plantae";"Tracheophyta";"Magnoliopsida";"Malpighiales";"Salicaceae";"Salix";"Salix viminalis";"SPECIES"
"94";"sambucus nigra l.";"Sambucus nigra";97;"Sambucus nigra";"Plantae";"Tracheophyta";"Magnoliopsida";"Dipsacales";"Viburnaceae";"Sambucus";"Sambucus nigra";"SPECIES"
"95";"trifolium campestre schreb.";"Trifolium campestre";97;"Trifolium campestre";"Plantae";"Tracheophyta";"Magnoliopsida";"Fabales";"Fabaceae";"Trifolium";"Trifolium campestre";"SPECIES"
"96";"arrhenatherum elatius (l.) p.beauv. ex j.presl & c.presl";"Arrhenatherum elatius";97;"Arrhenatherum elatius";"Plantae";"Tracheophyta";"Liliopsida";"Poales";"Poaceae";"Arrhenatherum";"Arrhenatherum elatius";"SPECIES"
"97";"circaea lutetiana l.";"Circaea lutetiana";98;"Circaea lutetiana";"Plantae";"Tracheophyta";"Magnoliopsida";"Myrtales";"Onagraceae";"Circaea";"Circaea lutetiana";"SPECIES"
"98";"cynosurus cristatus l.";"Cynosurus cristatus";99;"Cynosurus cristatus";"Plantae";"Tracheophyta";"Liliopsida";"Poales";"Poaceae";"Cynosurus";"Cynosurus cristatus";"SPECIES"
"99";"glyceria maxima (hartm.) holmb.";"Glyceria maxima";99;"Glyceria maxima";"Plantae";"Tracheophyta";"Liliopsida";"Poales";"Poaceae";"Glyceria";"Glyceria maxima";"SPECIES"
"100";"lathraea squamaria l.";"Lathraea squamaria";99;"Lathraea squamaria";"Plantae";"Tracheophyta";"Magnoliopsida";"Lamiales";"Orobanchaceae";"Lathraea";"Lathraea squamaria";"SPECIES"
"101";"primula veris l.";"Primula veris";97;"Primula veris";"Plantae";"Tracheophyta";"Magnoliopsida";"Ericales";"Primulaceae";"Primula";"Primula veris";"SPECIES"
"102";"alisma plantago-aquatica l.";"Alisma plantago-aquatica";99;"Alisma plantago-aquatica";"Plantae";"Tracheophyta";"Liliopsida";"Alismatales";"Alismataceae";"Alisma";"Alisma plantago-aquatica";"SPECIES"
"103";"berula erecta (huds.) coville";"Berula erecta";99;"Berula erecta";"Plantae";"Tracheophyta";"Magnoliopsida";"Apiales";"Apiaceae";"Berula";"Berula erecta";"SPECIES"
"104";"carex leporina l.";"Carex leporina";97;"Carex leporina";"Plantae";"Tracheophyta";"Liliopsida";"Poales";"Cyperaceae";"Carex";"Carex leporina";"SPECIES"
"105";"carex sylvatica huds.";"Carex sylvatica";97;"Carex sylvatica";"Plantae";"Tracheophyta";"Liliopsida";"Poales";"Cyperaceae";"Carex";"Carex sylvatica";"SPECIES"
"106";"lycopus europaeus l.";"Lycopus europaeus";97;"Lycopus europaeus";"Plantae";"Tracheophyta";"Magnoliopsida";"Lamiales";"Lamiaceae";"Lycopus";"Lycopus europaeus";"SPECIES"
"107";"phleum pratense subsp. pratense";"Phleum pratense pratense";97;"Phleum pratense pratense";"Plantae";"Tracheophyta";"Liliopsida";"Poales";"Poaceae";"Phleum";"Phleum pratense";"SUBSPECIES"
"108";"prunus spinosa l.";"Prunus spinosa";97;"Prunus spinosa";"Plantae";"Tracheophyta";"Magnoliopsida";"Rosales";"Rosaceae";"Prunus";"Prunus spinosa";"SPECIES"
"109";"stachys sylvatica l.";"Stachys sylvatica";98;"Stachys sylvatica";"Plantae";"Tracheophyta";"Magnoliopsida";"Lamiales";"Lamiaceae";"Stachys";"Stachys sylvatica";"SPECIES"
"110";"valeriana dioica l.";"Valeriana dioica";97;"Valeriana dioica";"Plantae";"Tracheophyta";"Magnoliopsida";"Dipsacales";"Caprifoliaceae";"Valeriana";"Valeriana dioica";"SPECIES"
"111";"vicia cracca l.";"Vicia cracca";98;"Vicia cracca";"Plantae";"Tracheophyta";"Magnoliopsida";"Fabales";"Fabaceae";"Vicia";"Vicia cracca";"SPECIES"
"112";"achillea millefolium l.";"Achillea millefolium";98;"Achillea millefolium";"Plantae";"Tracheophyta";"Magnoliopsida";"Asterales";"Asteraceae";"Achillea";"Achillea millefolium";"SPECIES"
"113";"aegopodium podagraria l.";"Aegopodium podagraria";99;"Aegopodium podagraria";"Plantae";"Tracheophyta";"Magnoliopsida";"Apiales";"Apiaceae";"Aegopodium";"Aegopodium podagraria";"SPECIES"
"114";"carex remota l.";"Carex remota";99;"Carex remota";"Plantae";"Tracheophyta";"Liliopsida";"Poales";"Cyperaceae";"Carex";"Carex remota";"SPECIES"
"115";"chrysosplenium oppositifolium l.";"Chrysosplenium oppositifolium";97;"Chrysosplenium oppositifolium";"Plantae";"Tracheophyta";"Magnoliopsida";"Saxifragales";"Saxifragaceae";"Chrysosplenium";"Chrysosplenium oppositifolium";"SPECIES"
"116";"luzula campestris (l.) dc.";"Luzula campestris";98;"Luzula campestris";"Plantae";"Tracheophyta";"Liliopsida";"Poales";"Juncaceae";"Luzula";"Luzula campestris";"SPECIES"
"117";"lythrum salicaria l.";"Lythrum salicaria";99;"Lythrum salicaria";"Plantae";"Tracheophyta";"Magnoliopsida";"Myrtales";"Lythraceae";"Lythrum";"Lythrum salicaria";"SPECIES"
"118";"milium effusum l.";"Milium effusum";97;"Milium effusum";"Plantae";"Tracheophyta";"Liliopsida";"Poales";"Poaceae";"Milium";"Milium effusum";"SPECIES"
"119";"potamogeton natans l.";"Potamogeton natans";98;"Potamogeton natans";"Plantae";"Tracheophyta";"Liliopsida";"Alismatales";"Potamogetonaceae";"Potamogeton";"Potamogeton natans";"SPECIES"
"120";"quercus robur l.";"Quercus robur";97;"Quercus robur";"Plantae";"Tracheophyta";"Magnoliopsida";"Fagales";"Fagaceae";"Quercus";"Quercus robur";"SPECIES"
"121";"schedonorus giganteus (l.) holub";"Schedonorus giganteus";97;"Schedonorus giganteus";"Plantae";"Tracheophyta";"Liliopsida";"Poales";"Poaceae";"Lolium";"Lolium giganteum";"SPECIES"
"122";"stellaria alsine grimm";"Stellaria alsine";97;"Stellaria alsine";"Plantae";"Tracheophyta";"Magnoliopsida";"Caryophyllales";"Caryophyllaceae";"Stellaria";"Stellaria alsine";"SPECIES"
"123";"tussilago farfara l.";"Tussilago farfara";99;"Tussilago farfara";"Plantae";"Tracheophyta";"Magnoliopsida";"Asterales";"Asteraceae";"Tussilago";"Tussilago farfara";"SPECIES"
"124";"viburnum opulus l.";"Viburnum opulus";99;"Viburnum opulus";"Plantae";"Tracheophyta";"Magnoliopsida";"Dipsacales";"Viburnaceae";"Viburnum";"Viburnum opulus";"SPECIES"
"125";"acer platanoides l.";"Acer platanoides";99;"Acer platanoides";"Plantae";"Tracheophyta";"Magnoliopsida";"Sapindales";"Sapindaceae";"Acer";"Acer platanoides";"SPECIES"
"126";"campanula trachelium l.";"Campanula trachelium";98;"Campanula trachelium";"Plantae";"Tracheophyta";"Magnoliopsida";"Asterales";"Campanulaceae";"Campanula";"Campanula trachelium";"SPECIES"
"127";"dactylorhiza majalis (rchb.) p.f.hunt & summerh.";"Dactylorhiza majalis";97;"Dactylorhiza majalis";"Plantae";"Tracheophyta";"Liliopsida";"Asparagales";"Orchidaceae";"Dactylorhiza";"Dactylorhiza majalis";"SPECIES"
"128";"galium mollugo l.";"Galium mollugo";99;"Galium mollugo";"Plantae";"Tracheophyta";"Magnoliopsida";"Gentianales";"Rubiaceae";"Galium";"Galium mollugo";"SPECIES"
"129";"hypericum perforatum l.";"Hypericum perforatum";99;"Hypericum perforatum";"Plantae";"Tracheophyta";"Magnoliopsida";"Malpighiales";"Hypericaceae";"Hypericum";"Hypericum perforatum";"SPECIES"
"130";"lotus corniculatus l.";"Lotus corniculatus";99;"Lotus corniculatus";"Plantae";"Tracheophyta";"Magnoliopsida";"Fabales";"Fabaceae";"Lotus";"Lotus corniculatus";"SPECIES"
"131";"phragmites australis (cav.) trin. ex steud.";"Phragmites australis";97;"Phragmites australis";"Plantae";"Tracheophyta";"Liliopsida";"Poales";"Poaceae";"Phragmites";"Phragmites australis";"SPECIES"
"132";"pilosella aurantiaca (l.) f.w.schultz & sch.bip.";"Pilosella aurantiaca";99;"Pilosella aurantiaca";"Plantae";"Tracheophyta";"Magnoliopsida";"Asterales";"Asteraceae";"Pilosella";"Pilosella aurantiaca";"SPECIES"
"133";"salix pentandra l.";"Salix pentandra";97;"Salix pentandra";"Plantae";"Tracheophyta";"Magnoliopsida";"Malpighiales";"Salicaceae";"Salix";"Salix pentandra";"SPECIES"
"134";"ulmus glabra huds.";"Ulmus glabra";97;"Ulmus glabra";"Plantae";"Tracheophyta";"Magnoliopsida";"Rosales";"Ulmaceae";"Ulmus";"Ulmus glabra";"SPECIES"
"135";"carex acuta l.";"Carex acuta";97;"Carex acuta";"Plantae";"Tracheophyta";"Liliopsida";"Poales";"Cyperaceae";"Carex";"Carex acuta";"SPECIES"
"136";"carex flacca schreb.";"Carex flacca";99;"Carex flacca";"Plantae";"Tracheophyta";"Liliopsida";"Poales";"Cyperaceae";"Carex";"Carex flacca";"SPECIES"
"137";"carex rostrata stokes";"Carex rostrata";97;"Carex rostrata";"Plantae";"Tracheophyta";"Liliopsida";"Poales";"Cyperaceae";"Carex";"Carex rostrata";"SPECIES"
"138";"dryopteris filix-mas (l.) schott";"Dryopteris filix-mas";99;"Dryopteris filix-mas";"Plantae";"Tracheophyta";"Polypodiopsida";"Polypodiales";"Dryopteridaceae";"Dryopteris";"Dryopteris filix-mas";"SPECIES"
"139";"euonymus europaeus l.";"Euonymus europaeus";99;"Euonymus europaeus";"Plantae";"Tracheophyta";"Magnoliopsida";"Celastrales";"Celastraceae";"Euonymus";"Euonymus europaeus";"SPECIES"
"140";"geranium dissectum l.";"Geranium dissectum";99;"Geranium dissectum";"Plantae";"Tracheophyta";"Magnoliopsida";"Geraniales";"Geraniaceae";"Geranium";"Geranium dissectum";"SPECIES"
"141";"heracleum sphondylium subsp. sphondylium";"Heracleum sphondylium sphondylium";97;"Heracleum sphondylium sphondylium";"Plantae";"Tracheophyta";"Magnoliopsida";"Apiales";"Apiaceae";"Heracleum";"Heracleum sphondylium";"SUBSPECIES"
"142";"hypochaeris radicata l.";"Hypochaeris radicata";99;"Hypochaeris radicata";"Plantae";"Tracheophyta";"Magnoliopsida";"Asterales";"Asteraceae";"Hypochaeris";"Hypochaeris radicata";"SPECIES"
"143";"juncus bufonius l.";"Juncus bufonius";99;"Juncus bufonius";"Plantae";"Tracheophyta";"Liliopsida";"Poales";"Juncaceae";"Juncus";"Juncus bufonius";"SPECIES"
"144";"menyanthes trifoliata l.";"Menyanthes trifoliata";99;"Menyanthes trifoliata";"Plantae";"Tracheophyta";"Magnoliopsida";"Asterales";"Menyanthaceae";"Menyanthes";"Menyanthes trifoliata";"SPECIES"
"145";"ranunculus flammula l.";"Ranunculus flammula";97;"Ranunculus flammula";"Plantae";"Tracheophyta";"Magnoliopsida";"Ranunculales";"Ranunculaceae";"Ranunculus";"Ranunculus flammula";"SPECIES"
"146";"scutellaria galericulata l.";"Scutellaria galericulata";99;"Scutellaria galericulata";"Plantae";"Tracheophyta";"Magnoliopsida";"Lamiales";"Lamiaceae";"Scutellaria";"Scutellaria galericulata";"SPECIES"
"147";"alliaria petiolata (m.bieb.) cavara & grande";"Alliaria petiolata";99;"Alliaria petiolata";"Plantae";"Tracheophyta";"Magnoliopsida";"Brassicales";"Brassicaceae";"Alliaria";"Alliaria petiolata";"SPECIES"
"148";"anemonoides ranunculoides (l.) holub";"Anemonoides ranunculoides";98;"Anemonoides ranunculoides";"Plantae";"Tracheophyta";"Magnoliopsida";"Ranunculales";"Ranunculaceae";"Anemone";"Anemone ranunculoides";"SPECIES"
"149";"calliergonella cuspidata (hedw.) loeske";"Calliergonella cuspidata";99;"Calliergonella cuspidata";"Plantae";"Bryophyta";"Bryopsida";"Hypnales";"Pylaisiaceae";"Calliergonella";"Calliergonella cuspidata";"SPECIES"
"150";"carex elata all.";"Carex elata";97;"Carex elata";"Plantae";"Tracheophyta";"Liliopsida";"Poales";"Cyperaceae";"Carex";"Carex elata";"SPECIES"
"151";"epipactis helleborine (l.) crantz";"Epipactis helleborine";99;"Epipactis helleborine";"Plantae";"Tracheophyta";"Liliopsida";"Asparagales";"Orchidaceae";"Epipactis";"Epipactis helleborine";"SPECIES"
"152";"agrostis gigantea roth";"Agrostis gigantea";99;"Agrostis gigantea";"Plantae";"Tracheophyta";"Liliopsida";"Poales";"Poaceae";"Agrostis";"Agrostis gigantea";"SPECIES"
"153";"botrychium lunaria (l.) sw.";"Botrychium lunaria";99;"Botrychium lunaria";"Plantae";"Tracheophyta";"Polypodiopsida";"Ophioglossales";"Ophioglossaceae";"Botrychium";"Botrychium lunaria";"SPECIES"
"154";"carex panicea l.";"Carex panicea";97;"Carex panicea";"Plantae";"Tracheophyta";"Liliopsida";"Poales";"Cyperaceae";"Carex";"Carex panicea";"SPECIES"
"155";"dactylorhiza incarnata (l.) soó";"Dactylorhiza incarnata";99;"Dactylorhiza incarnata";"Plantae";"Tracheophyta";"Liliopsida";"Asparagales";"Orchidaceae";"Dactylorhiza";"Dactylorhiza incarnata";"SPECIES"
"156";"epilobium parviflorum schreb.";"Epilobium parviflorum";97;"Epilobium parviflorum";"Plantae";"Tracheophyta";"Magnoliopsida";"Myrtales";"Onagraceae";"Epilobium";"Epilobium parviflorum";"SPECIES"
"157";"impatiens noli-tangere l.";"Impatiens noli-tangere";97;"Impatiens noli-tangere";"Plantae";"Tracheophyta";"Magnoliopsida";"Ericales";"Balsaminaceae";"Impatiens";"Impatiens noli-tangere";"SPECIES"
"158";"orchis mascula (l.) l.";"Orchis mascula";97;"Orchis mascula";"Plantae";"Tracheophyta";"Liliopsida";"Asparagales";"Orchidaceae";"Orchis";"Orchis mascula";"SPECIES"
"159";"paris quadrifolia l.";"Paris quadrifolia";99;"Paris quadrifolia";"Plantae";"Tracheophyta";"Liliopsida";"Liliales";"Melanthiaceae";"Paris";"Paris quadrifolia";"SPECIES"
"160";"plantago major l.";"Plantago major";97;"Plantago major";"Plantae";"Tracheophyta";"Magnoliopsida";"Lamiales";"Plantaginaceae";"Plantago";"Plantago major";"SPECIES"
"161";"poa pratensis subsp. pratensis";"Poa pratensis pratensis";97;"Poa pratensis pratensis";"Plantae";"Tracheophyta";"Liliopsida";"Poales";"Poaceae";"Poa";"Poa pratensis";"SUBSPECIES"
"162";"prunella vulgaris l.";"Prunella vulgaris";98;"Prunella vulgaris";"Plantae";"Tracheophyta";"Magnoliopsida";"Lamiales";"Lamiaceae";"Prunella";"Prunella vulgaris";"SPECIES"
"163";"prunus avium (l.) l.";"Prunus avium";98;"Prunus avium";"Plantae";"Tracheophyta";"Magnoliopsida";"Rosales";"Rosaceae";"Prunus";"Prunus avium";"SPECIES"
"164";"prunus padus l.";"Prunus padus";97;"Prunus padus";"Plantae";"Tracheophyta";"Magnoliopsida";"Rosales";"Rosaceae";"Prunus";"Prunus padus";"SPECIES"
"165";"trifolium dubium sibth.";"Trifolium dubium";99;"Trifolium dubium";"Plantae";"Tracheophyta";"Magnoliopsida";"Fabales";"Fabaceae";"Trifolium";"Trifolium dubium";"SPECIES"
"166";"vicia sepium l.";"Vicia sepium";99;"Vicia sepium";"Plantae";"Tracheophyta";"Magnoliopsida";"Fabales";"Fabaceae";"Vicia";"Vicia sepium";"SPECIES"
"167";"viola reichenbachiana jord. ex boreau";"Viola reichenbachiana";97;"Viola reichenbachiana";"Plantae";"Tracheophyta";"Magnoliopsida";"Malpighiales";"Violaceae";"Viola";"Viola reichenbachiana";"SPECIES"
"168";"dryopteris carthusiana (vill.) h.p.fuchs";"Dryopteris carthusiana";99;"Dryopteris carthusiana";"Plantae";"Tracheophyta";"Polypodiopsida";"Polypodiales";"Dryopteridaceae";"Dryopteris";"Dryopteris carthusiana";"SPECIES"
"169";"epilobium montanum l.";"Epilobium montanum";97;"Epilobium montanum";"Plantae";"Tracheophyta";"Magnoliopsida";"Myrtales";"Onagraceae";"Epilobium";"Epilobium montanum";"SPECIES"
"170";"epilobium palustre l.";"Epilobium palustre";97;"Epilobium palustre";"Plantae";"Tracheophyta";"Magnoliopsida";"Myrtales";"Onagraceae";"Epilobium";"Epilobium palustre";"SPECIES"
"171";"galium uliginosum l.";"Galium uliginosum";97;"Galium uliginosum";"Plantae";"Tracheophyta";"Magnoliopsida";"Gentianales";"Rubiaceae";"Galium";"Galium uliginosum";"SPECIES"
"172";"geranium molle l.";"Geranium molle";97;"Geranium molle";"Plantae";"Tracheophyta";"Magnoliopsida";"Geraniales";"Geraniaceae";"Geranium";"Geranium molle";"SPECIES"
"173";"humulus lupulus l.";"Humulus lupulus";97;"Humulus lupulus";"Plantae";"Tracheophyta";"Magnoliopsida";"Rosales";"Cannabaceae";"Humulus";"Humulus lupulus";"SPECIES"
"174";"lonicera xylosteum l.";"Lonicera xylosteum";97;"Lonicera xylosteum";"Plantae";"Tracheophyta";"Magnoliopsida";"Dipsacales";"Caprifoliaceae";"Lonicera";"Lonicera xylosteum";"SPECIES"
"175";"lysimachia punctata l.";"Lysimachia punctata";97;"Lysimachia punctata";"Plantae";"Tracheophyta";"Magnoliopsida";"Ericales";"Primulaceae";"Lysimachia";"Lysimachia punctata";"SPECIES"
"176";"myosotis laxa subsp. caespitosa (schultz) hyl. ex nordh.";"Myosotis laxa caespitosa";97;"Myosotis laxa caespitosa";"Plantae";"Tracheophyta";"Magnoliopsida";"Boraginales";"Boraginaceae";"Myosotis";"Myosotis laxa";"SUBSPECIES"
"177";"poa pratensis l.";"Poa pratensis";97;"Poa pratensis";"Plantae";"Tracheophyta";"Liliopsida";"Poales";"Poaceae";"Poa";"Poa pratensis";"SPECIES"
"178";"prunus cerasifera ehrh.";"Prunus cerasifera";98;"Prunus cerasifera";"Plantae";"Tracheophyta";"Magnoliopsida";"Rosales";"Rosaceae";"Prunus";"Prunus cerasifera";"SPECIES"
"179";"ribes nigrum l.";"Ribes nigrum";97;"Ribes nigrum";"Plantae";"Tracheophyta";"Magnoliopsida";"Saxifragales";"Grossulariaceae";"Ribes";"Ribes nigrum";"SPECIES"
"180";"sorbus aucuparia l.";"Sorbus aucuparia";97;"Sorbus aucuparia";"Plantae";"Tracheophyta";"Magnoliopsida";"Rosales";"Rosaceae";"Sorbus";"Sorbus aucuparia";"SPECIES"
"181";"stachys palustris l.";"Stachys palustris";98;"Stachys palustris";"Plantae";"Tracheophyta";"Magnoliopsida";"Lamiales";"Lamiaceae";"Stachys";"Stachys palustris";"SPECIES"
"182";"trollius europaeus l.";"Trollius europaeus";98;"Trollius europaeus";"Plantae";"Tracheophyta";"Magnoliopsida";"Ranunculales";"Ranunculaceae";"Trollius";"Trollius europaeus";"SPECIES"
"183";"aesculus hippocastanum l.";"Aesculus hippocastanum";99;"Aesculus hippocastanum";"Plantae";"Tracheophyta";"Magnoliopsida";"Sapindales";"Sapindaceae";"Aesculus";"Aesculus hippocastanum";"SPECIES"
"184";"carex pendula huds.";"Carex pendula";97;"Carex pendula";"Plantae";"Tracheophyta";"Liliopsida";"Poales";"Cyperaceae";"Carex";"Carex pendula";"SPECIES"
"185";"cichorium intybus l.";"Cichorium intybus";99;"Cichorium intybus";"Plantae";"Tracheophyta";"Magnoliopsida";"Asterales";"Asteraceae";"Cichorium";"Cichorium intybus";"SPECIES"
"186";"crepis paludosa (l.) moench";"Crepis paludosa";99;"Crepis paludosa";"Plantae";"Tracheophyta";"Magnoliopsida";"Asterales";"Asteraceae";"Crepis";"Crepis paludosa";"SPECIES"
"187";"gnaphalium uliginosum l.";"Gnaphalium uliginosum";97;"Gnaphalium uliginosum";"Plantae";"Tracheophyta";"Magnoliopsida";"Asterales";"Asteraceae";"Gnaphalium";"Gnaphalium uliginosum";"SPECIES"
"188";"hedera helix l.";"Hedera helix";97;"Hedera helix";"Plantae";"Tracheophyta";"Magnoliopsida";"Apiales";"Araliaceae";"Hedera";"Hedera helix";"SPECIES"
"189";"jacobaea vulgaris gaertn.";"Jacobaea vulgaris";97;"Jacobaea vulgaris";"Plantae";"Tracheophyta";"Magnoliopsida";"Asterales";"Asteraceae";"Jacobaea";"Jacobaea vulgaris";"SPECIES"
"190";"lemna trisulca l.";"Lemna trisulca";99;"Lemna trisulca";"Plantae";"Tracheophyta";"Liliopsida";"Alismatales";"Araceae";"Lemna";"Lemna trisulca";"SPECIES"
"191";"leucanthemum vulgare lam.";"Leucanthemum vulgare";99;"Leucanthemum vulgare";"Plantae";"Tracheophyta";"Magnoliopsida";"Asterales";"Asteraceae";"Leucanthemum";"Leucanthemum vulgare";"SPECIES"
"192";"poa annua l.";"Poa annua";97;"Poa annua";"Plantae";"Tracheophyta";"Liliopsida";"Poales";"Poaceae";"Poa";"Poa annua";"SPECIES"
"193";"polygonatum multiflorum (l.) all.";"Polygonatum multiflorum";98;"Polygonatum multiflorum";"Plantae";"Tracheophyta";"Liliopsida";"Asparagales";"Asparagaceae";"Polygonatum";"Polygonatum multiflorum";"SPECIES"
"194";"rumex acetosella l.";"Rumex acetosella";97;"Rumex acetosella";"Plantae";"Tracheophyta";"Magnoliopsida";"Caryophyllales";"Polygonaceae";"Rumex";"Rumex acetosella";"SPECIES"
"195";"rumex hydrolapathum (scop.) huds.";"Rumex hydrolapathum";97;"Rumex hydrolapathum";"Plantae";"Tracheophyta";"Magnoliopsida";"Caryophyllales";"Polygonaceae";"Rumex";"Rumex hydrolapathum";"SPECIES"
"196";"saxifraga granulata l.";"Saxifraga granulata";97;"Saxifraga granulata";"Plantae";"Tracheophyta";"Magnoliopsida";"Saxifragales";"Saxifragaceae";"Saxifraga";"Saxifraga granulata";"SPECIES"
"197";"scrophularia nodosa l.";"Scrophularia nodosa";99;"Scrophularia nodosa";"Plantae";"Tracheophyta";"Magnoliopsida";"Lamiales";"Scrophulariaceae";"Scrophularia";"Scrophularia nodosa";"SPECIES"
"198";"stellaria palustris (murray ex ehrh.) hoffm.";"Stellaria palustris";97;"Stellaria palustris";"Plantae";"Tracheophyta";"Magnoliopsida";"Caryophyllales";"Caryophyllaceae";"Stellaria";"Stellaria palustris";"SPECIES"
"199";"tanacetum vulgare l.";"Tanacetum vulgare";99;"Tanacetum vulgare";"Plantae";"Tracheophyta";"Magnoliopsida";"Asterales";"Asteraceae";"Tanacetum";"Tanacetum vulgare";"SPECIES"
"200";"typha angustifolia l.";"Typha angustifolia";97;"Typha angustifolia";"Plantae";"Tracheophyta";"Liliopsida";"Poales";"Typhaceae";"Typha";"Typha angustifolia";"SPECIES"
"201";"veronica montana l.";"Veronica montana";97;"Veronica montana";"Plantae";"Tracheophyta";"Magnoliopsida";"Lamiales";"Plantaginaceae";"Veronica";"Veronica montana";"SPECIES"
"202";"veronica serpyllifolia l.";"Veronica serpyllifolia";97;"Veronica serpyllifolia";"Plantae";"Tracheophyta";"Magnoliopsida";"Lamiales";"Plantaginaceae";"Veronica";"Veronica serpyllifolia";"SPECIES"
"203";"vicia hirsuta (l.) gray";"Vicia hirsuta";97;"Vicia hirsuta";"Plantae";"Tracheophyta";"Magnoliopsida";"Fabales";"Fabaceae";"Vicia";"Vicia hirsuta";"SPECIES"
"204";"abies alba mill.";"Abies alba";97;"Abies alba";"Plantae";"Tracheophyta";"Pinopsida";"Pinales";"Pinaceae";"Abies";"Abies alba";"SPECIES"
"205";"acer campestre l.";"Acer campestre";99;"Acer campestre";"Plantae";"Tracheophyta";"Magnoliopsida";"Sapindales";"Sapindaceae";"Acer";"Acer campestre";"SPECIES"
"206";"borago officinalis l.";"Borago officinalis";99;"Borago officinalis";"Plantae";"Tracheophyta";"Magnoliopsida";"Boraginales";"Boraginaceae";"Borago";"Borago officinalis";"SPECIES"
"207";"calamagrostis canescens (weber) roth";"Calamagrostis canescens";97;"Calamagrostis canescens";"Plantae";"Tracheophyta";"Liliopsida";"Poales";"Poaceae";"Calamagrostis";"Calamagrostis canescens";"SPECIES"
"208";"capsella bursa-pastoris (l.) medik.";"Capsella bursa-pastoris";99;"Capsella bursa-pastoris";"Plantae";"Tracheophyta";"Magnoliopsida";"Brassicales";"Brassicaceae";"Capsella";"Capsella bursa-pastoris";"SPECIES"
"209";"centaurea jacea l.";"Centaurea jacea";99;"Centaurea jacea";"Plantae";"Tracheophyta";"Magnoliopsida";"Asterales";"Asteraceae";"Centaurea";"Centaurea jacea";"SPECIES"
"210";"centaurea scabiosa l.";"Centaurea scabiosa";97;"Centaurea scabiosa";"Plantae";"Tracheophyta";"Magnoliopsida";"Asterales";"Asteraceae";"Centaurea";"Centaurea scabiosa";"SPECIES"
"211";"chamaenerion angustifolium (l.) scop.";"Chamaenerion angustifolium";97;"Chamaenerion angustifolium";"Plantae";"Tracheophyta";"Magnoliopsida";"Myrtales";"Onagraceae";"Chamaenerion";"Chamaenerion angustifolium";"SPECIES"
"212";"convolvulus arvensis l.";"Convolvulus arvensis";99;"Convolvulus arvensis";"Plantae";"Tracheophyta";"Magnoliopsida";"Solanales";"Convolvulaceae";"Convolvulus";"Convolvulus arvensis";"SPECIES"
"213";"dipsacus fullonum l.";"Dipsacus fullonum";97;"Dipsacus fullonum";"Plantae";"Tracheophyta";"Magnoliopsida";"Dipsacales";"Caprifoliaceae";"Dipsacus";"Dipsacus fullonum";"SPECIES"
"214";"dryopteris dilatata (hoffm.) a.gray";"Dryopteris dilatata";97;"Dryopteris dilatata";"Plantae";"Tracheophyta";"Polypodiopsida";"Polypodiales";"Dryopteridaceae";"Dryopteris";"Dryopteris dilatata";"SPECIES"
"215";"equisetum pratense ehrh.";"Equisetum pratense";99;"Equisetum pratense";"Plantae";"Tracheophyta";"Polypodiopsida";"Equisetales";"Equisetaceae";"Equisetum";"Equisetum pratense";"SPECIES"
"216";"eriophorum angustifolium honck.";"Eriophorum angustifolium";97;"Eriophorum angustifolium";"Plantae";"Tracheophyta";"Liliopsida";"Poales";"Cyperaceae";"Eriophorum";"Eriophorum angustifolium";"SPECIES"
"217";"galium verum l.";"Galium verum";99;"Galium verum";"Plantae";"Tracheophyta";"Magnoliopsida";"Gentianales";"Rubiaceae";"Galium";"Galium verum";"SPECIES"
"218";"geranium pyrenaicum burm.f.";"Geranium pyrenaicum";97;"Geranium pyrenaicum";"Plantae";"Tracheophyta";"Magnoliopsida";"Geraniales";"Geraniaceae";"Geranium";"Geranium pyrenaicum";"SPECIES"
"219";"glyceria declinata bréb.";"Glyceria declinata";99;"Glyceria declinata";"Plantae";"Tracheophyta";"Liliopsida";"Poales";"Poaceae";"Glyceria";"Glyceria declinata";"SPECIES"
"220";"heracleum mantegazzianum sommier & levier";"Heracleum mantegazzianum";99;"Heracleum mantegazzianum";"Plantae";"Tracheophyta";"Magnoliopsida";"Apiales";"Apiaceae";"Heracleum";"Heracleum mantegazzianum";"SPECIES"
"221";"hordelymus europaeus (l.) jess. ex harz";"Hordelymus europaeus";97;"Hordelymus europaeus";"Plantae";"Tracheophyta";"Liliopsida";"Poales";"Poaceae";"Hordelymus";"Hordelymus europaeus";"SPECIES"
"222";"hottonia palustris l.";"Hottonia palustris";98;"Hottonia palustris";"Plantae";"Tracheophyta";"Magnoliopsida";"Ericales";"Primulaceae";"Hottonia";"Hottonia palustris";"SPECIES"
"223";"inula helenium l.";"Inula helenium";97;"Inula helenium";"Plantae";"Tracheophyta";"Magnoliopsida";"Asterales";"Asteraceae";"Inula";"Inula helenium";"SPECIES"
"224";"lonicera periclymenum l.";"Lonicera periclymenum";97;"Lonicera periclymenum";"Plantae";"Tracheophyta";"Magnoliopsida";"Dipsacales";"Caprifoliaceae";"Lonicera";"Lonicera periclymenum";"SPECIES"
"225";"medicago lupulina l.";"Medicago lupulina";99;"Medicago lupulina";"Plantae";"Tracheophyta";"Magnoliopsida";"Fabales";"Fabaceae";"Medicago";"Medicago lupulina";"SPECIES"
"226";"melilotus officinalis (l.) lam.";"Melilotus officinalis";97;"Melilotus officinalis";"Plantae";"Tracheophyta";"Magnoliopsida";"Fabales";"Fabaceae";"Melilotus";"Melilotus officinalis";"SPECIES"
"227";"ornithogalum umbellatum l.";"Ornithogalum umbellatum";99;"Ornithogalum umbellatum";"Plantae";"Tracheophyta";"Liliopsida";"Asparagales";"Asparagaceae";"Ornithogalum";"Ornithogalum umbellatum";"SPECIES"
"228";"pinguicula vulgaris l.";"Pinguicula vulgaris";97;"Pinguicula vulgaris";"Plantae";"Tracheophyta";"Magnoliopsida";"Lamiales";"Lentibulariaceae";"Pinguicula";"Pinguicula vulgaris";"SPECIES"
"229";"populus tremula l.";"Populus tremula";99;"Populus tremula";"Plantae";"Tracheophyta";"Magnoliopsida";"Malpighiales";"Salicaceae";"Populus";"Populus tremula";"SPECIES"
"230";"potamogeton berchtoldii fieber";"Potamogeton berchtoldii";99;"Potamogeton berchtoldii";"Plantae";"Tracheophyta";"Liliopsida";"Alismatales";"Potamogetonaceae";"Potamogeton";"Potamogeton berchtoldii";"SPECIES"
"231";"ranunculus auricomus l.";"Ranunculus auricomus";97;"Ranunculus auricomus";"Plantae";"Tracheophyta";"Magnoliopsida";"Ranunculales";"Ranunculaceae";"Ranunculus";"Ranunculus auricomus";"SPECIES"
"232";"rhytidiadelphus squarrosus (hedw.) warnst.";"Rhytidiadelphus squarrosus";99;"Rhytidiadelphus squarrosus";"Plantae";"Bryophyta";"Bryopsida";"Hypnales";"Hylocomiaceae";"Rhytidiadelphus";"Rhytidiadelphus squarrosus";"SPECIES"
"233";"ribes spicatum e.robson";"Ribes spicatum";97;"Ribes spicatum";"Plantae";"Tracheophyta";"Magnoliopsida";"Saxifragales";"Grossulariaceae";"Ribes";"Ribes spicatum";"SPECIES"
"234";"ribes uva-crispa l.";"Ribes uva-crispa";98;"Ribes uva-crispa";"Plantae";"Tracheophyta";"Magnoliopsida";"Saxifragales";"Grossulariaceae";"Ribes";"Ribes uva-crispa";"SPECIES"
"235";"rubus caesius l.";"Rubus caesius";97;"Rubus caesius";"Plantae";"Tracheophyta";"Magnoliopsida";"Rosales";"Rosaceae";"Rubus";"Rubus caesius";"SPECIES"
"236";"scorzoneroides autumnalis (l.) moench";"Scorzoneroides autumnalis";99;"Scorzoneroides autumnalis";"Plantae";"Tracheophyta";"Magnoliopsida";"Asterales";"Asteraceae";"Scorzoneroides";"Scorzoneroides autumnalis";"SPECIES"
"237";"stratiotes aloides l.";"Stratiotes aloides";99;"Stratiotes aloides";"Plantae";"Tracheophyta";"Liliopsida";"Alismatales";"Hydrocharitaceae";"Stratiotes";"Stratiotes aloides";"SPECIES"
"238";"triglochin palustris l.";"Triglochin palustris";98;"Triglochin palustris";"Plantae";"Tracheophyta";"Liliopsida";"Alismatales";"Juncaginaceae";"Triglochin";"Triglochin palustris";"SPECIES"
"239";"verbascum nigrum l.";"Verbascum nigrum";97;"Verbascum nigrum";"Plantae";"Tracheophyta";"Magnoliopsida";"Lamiales";"Scrophulariaceae";"Verbascum";"Verbascum nigrum";"SPECIES"
"240";"veronica agrestis l.";"Veronica agrestis";97;"Veronica agrestis";"Plantae";"Tracheophyta";"Magnoliopsida";"Lamiales";"Plantaginaceae";"Veronica";"Veronica agrestis";"SPECIES"
"241";"vinca minor l.";"Vinca minor";98;"Vinca minor";"Plantae";"Tracheophyta";"Magnoliopsida";"Gentianales";"Apocynaceae";"Vinca";"Vinca minor";"SPECIES"
"242";"viola riviniana rchb.";"Viola riviniana";99;"Viola riviniana";"Plantae";"Tracheophyta";"Magnoliopsida";"Malpighiales";"Violaceae";"Viola";"Viola riviniana";"SPECIES"
"243";"abies grandis (douglas ex d.don) lindl.";"Abies grandis";97;"Abies grandis";"Plantae";"Tracheophyta";"Pinopsida";"Pinales";"Pinaceae";"Abies";"Abies grandis";"SPECIES"
"244";"achillea ptarmica l.";"Achillea ptarmica";98;"Achillea ptarmica";"Plantae";"Tracheophyta";"Magnoliopsida";"Asterales";"Asteraceae";"Achillea";"Achillea ptarmica";"SPECIES"
"245";"agrimonia eupatoria l.";"Agrimonia eupatoria";98;"Agrimonia eupatoria";"Plantae";"Tracheophyta";"Magnoliopsida";"Rosales";"Rosaceae";"Agrimonia";"Agrimonia eupatoria";"SPECIES"
"246";"agrostemma githago l.";"Agrostemma githago";99;"Agrostemma githago";"Plantae";"Tracheophyta";"Magnoliopsida";"Caryophyllales";"Caryophyllaceae";"Agrostemma";"Agrostemma githago";"SPECIES"
"247";"alchemilla xanthochlora rothm.";"Alchemilla xanthochlora";99;"Alchemilla xanthochlora";"Plantae";"Tracheophyta";"Magnoliopsida";"Rosales";"Rosaceae";"Alchemilla";"Alchemilla xanthochlora";"SPECIES"
"248";"alnus incana (l.) moench";"Alnus incana";97;"Alnus incana";"Plantae";"Tracheophyta";"Magnoliopsida";"Fagales";"Betulaceae";"Alnus";"Alnus incana";"SPECIES"
"249";"anemonoides nemorosa (l.) holub";"Anemonoides nemorosa";98;"Anemonoides nemorosa";"Plantae";"Tracheophyta";"Magnoliopsida";"Ranunculales";"Ranunculaceae";"Anemone";"Anemone nemorosa";"SPECIES"
"250";"anisantha sterilis (l.) nevski";"Anisantha sterilis";98;"Anisantha sterilis";"Plantae";"Tracheophyta";"Liliopsida";"Poales";"Poaceae";"Bromus";"Bromus sterilis";"SPECIES"
"251";"arctium tomentosum mill.";"Arctium tomentosum";99;"Arctium tomentosum";"Plantae";"Tracheophyta";"Magnoliopsida";"Asterales";"Asteraceae";"Arctium";"Arctium tomentosum";"SPECIES"
"252";"athyrium filix-femina (l.) roth";"Athyrium filix-femina";97;"Athyrium filix-femina";"Plantae";"Tracheophyta";"Polypodiopsida";"Polypodiales";"Athyriaceae";"Athyrium";"Athyrium filix-femina";"SPECIES"
"253";"betula pubescens ehrh.";"Betula pubescens";99;"Betula pubescens";"Plantae";"Tracheophyta";"Magnoliopsida";"Fagales";"Betulaceae";"Betula";"Betula pubescens";"SPECIES"
"254";"blysmus compressus (l.) panz. ex link";"Blysmus compressus";97;"Blysmus compressus";"Plantae";"Tracheophyta";"Liliopsida";"Poales";"Cyperaceae";"Blysmus";"Blysmus compressus";"SPECIES"
"255";"brachypodium sylvaticum (huds.) p.beauv.";"Brachypodium sylvaticum";99;"Brachypodium sylvaticum";"Plantae";"Tracheophyta";"Liliopsida";"Poales";"Poaceae";"Brachypodium";"Brachypodium sylvaticum";"SPECIES"
"256";"briza media l.";"Briza media";99;"Briza media";"Plantae";"Tracheophyta";"Liliopsida";"Poales";"Poaceae";"Briza";"Briza media";"SPECIES"
"257";"calystegia sepium (l.) r.br.";"Calystegia sepium";98;"Calystegia sepium";"Plantae";"Tracheophyta";"Magnoliopsida";"Solanales";"Convolvulaceae";"Calystegia";"Calystegia sepium";"SPECIES"
"258";"carex divulsa stokes";"Carex divulsa";97;"Carex divulsa";"Plantae";"Tracheophyta";"Liliopsida";"Poales";"Cyperaceae";"Carex";"Carex divulsa";"SPECIES"
"259";"carex lepidocarpa tausch";"Carex lepidocarpa";99;"Carex lepidocarpa";"Plantae";"Tracheophyta";"Liliopsida";"Poales";"Cyperaceae";"Carex";"Carex lepidocarpa";"SPECIES"
"260";"carex paniculata l.";"Carex paniculata";98;"Carex paniculata";"Plantae";"Tracheophyta";"Liliopsida";"Poales";"Cyperaceae";"Carex";"Carex paniculata";"SPECIES"
"261";"carex riparia curtis";"Carex riparia";97;"Carex riparia";"Plantae";"Tracheophyta";"Liliopsida";"Poales";"Cyperaceae";"Carex";"Carex riparia";"SPECIES"
"262";"carpinus betulus l.";"Carpinus betulus";98;"Carpinus betulus";"Plantae";"Tracheophyta";"Magnoliopsida";"Fagales";"Betulaceae";"Carpinus";"Carpinus betulus";"SPECIES"
"263";"chenopodium album var. album";"Chenopodium album album";97;"Chenopodium album album";"Plantae";"Tracheophyta";"Magnoliopsida";"Caryophyllales";"Amaranthaceae";"Chenopodium";"Chenopodium album";"VARIETY"
"264";"echium vulgare l.";"Echium vulgare";97;"Echium vulgare";"Plantae";"Tracheophyta";"Magnoliopsida";"Boraginales";"Boraginaceae";"Echium";"Echium vulgare";"SPECIES"
"265";"eleocharis uniglumis (link) schult.";"Eleocharis uniglumis";99;"Eleocharis uniglumis";"Plantae";"Tracheophyta";"Liliopsida";"Poales";"Cyperaceae";"Eleocharis";"Eleocharis uniglumis";"SPECIES"
"266";"equisetum hyemale l.";"Equisetum hyemale";99;"Equisetum hyemale";"Plantae";"Tracheophyta";"Polypodiopsida";"Equisetales";"Equisetaceae";"Equisetum";"Equisetum hyemale";"SPECIES"
"267";"eupatorium cannabinum l.";"Eupatorium cannabinum";99;"Eupatorium cannabinum";"Plantae";"Tracheophyta";"Magnoliopsida";"Asterales";"Asteraceae";"Eupatorium";"Eupatorium cannabinum";"SPECIES"
"268";"euphorbia helioscopia l.";"Euphorbia helioscopia";97;"Euphorbia helioscopia";"Plantae";"Tracheophyta";"Magnoliopsida";"Malpighiales";"Euphorbiaceae";"Euphorbia";"Euphorbia helioscopia";"SPECIES"
"269";"heracleum sphondylium l.";"Heracleum sphondylium";97;"Heracleum sphondylium";"Plantae";"Tracheophyta";"Magnoliopsida";"Apiales";"Apiaceae";"Heracleum";"Heracleum sphondylium";"SPECIES"
"270";"hypericum tetrapterum fr.";"Hypericum tetrapterum";99;"Hypericum tetrapterum";"Plantae";"Tracheophyta";"Magnoliopsida";"Malpighiales";"Hypericaceae";"Hypericum";"Hypericum tetrapterum";"SPECIES"
"271";"knautia arvensis (l.) coult.";"Knautia arvensis";98;"Knautia arvensis";"Plantae";"Tracheophyta";"Magnoliopsida";"Dipsacales";"Caprifoliaceae";"Knautia";"Knautia arvensis";"SPECIES"
"272";"lapsana communis l.";"Lapsana communis";99;"Lapsana communis";"Plantae";"Tracheophyta";"Magnoliopsida";"Asterales";"Asteraceae";"Lapsana";"Lapsana communis";"SPECIES"
"273";"lathyrus sylvestris l.";"Lathyrus sylvestris";99;"Lathyrus sylvestris";"Plantae";"Tracheophyta";"Magnoliopsida";"Fabales";"Fabaceae";"Lathyrus";"Lathyrus sylvestris";"SPECIES"
"274";"leskea polycarpa hedw.";"Leskea polycarpa";99;"Leskea polycarpa";"Plantae";"Bryophyta";"Bryopsida";"Hypnales";"Leskeaceae";"Leskea";"Leskea polycarpa";"SPECIES"
"275";"lobularia maritima (l.) desv.";"Lobularia maritima";99;"Lobularia maritima";"Plantae";"Tracheophyta";"Magnoliopsida";"Brassicales";"Brassicaceae";"Lobularia";"Lobularia maritima";"SPECIES"
"276";"lysimachia arvensis (l.) u.manns & anderb.";"Lysimachia arvensis";99;"Lysimachia arvensis";"Plantae";"Tracheophyta";"Magnoliopsida";"Ericales";"Primulaceae";"Lysimachia";"Lysimachia arvensis";"SPECIES"
"277";"medicago sativa l.";"Medicago sativa";97;"Medicago sativa";"Plantae";"Tracheophyta";"Magnoliopsida";"Fabales";"Fabaceae";"Medicago";"Medicago sativa";"SPECIES"
"278";"melilotus albus medik.";"Melilotus albus";97;"Melilotus albus";"Plantae";"Tracheophyta";"Magnoliopsida";"Fabales";"Fabaceae";"Melilotus";"Melilotus albus";"SPECIES"
"279";"mercurialis perennis l.";"Mercurialis perennis";99;"Mercurialis perennis";"Plantae";"Tracheophyta";"Magnoliopsida";"Malpighiales";"Euphorbiaceae";"Mercurialis";"Mercurialis perennis";"SPECIES"
"280";"ononis spinosa subsp. procurrens (wallr.) briq.";"Ononis spinosa procurrens";97;"Ononis spinosa procurrens";"Plantae";"Tracheophyta";"Magnoliopsida";"Fabales";"Fabaceae";"Ononis";"Ononis spinosa";"SUBSPECIES"
"281";"phacelia tanacetifolia benth.";"Phacelia tanacetifolia";97;"Phacelia tanacetifolia";"Plantae";"Tracheophyta";"Magnoliopsida";"Boraginales";"Hydrophyllaceae";"Phacelia";"Phacelia tanacetifolia";"SPECIES"
"282";"plagiomnium undulatum (hedw.) t.j.kop.";"Plagiomnium undulatum";99;"Plagiomnium undulatum";"Plantae";"Bryophyta";"Bryopsida";"Bryales";"Mniaceae";"Plagiomnium";"Plagiomnium undulatum";"SPECIES"
"283";"polygonum aviculare l.";"Polygonum aviculare";97;"Polygonum aviculare";"Plantae";"Tracheophyta";"Magnoliopsida";"Caryophyllales";"Polygonaceae";"Polygonum";"Polygonum aviculare";"SPECIES"
"284";"potentilla sterilis (l.) garcke";"Potentilla sterilis";98;"Potentilla sterilis";"Plantae";"Tracheophyta";"Magnoliopsida";"Rosales";"Rosaceae";"Potentilla";"Potentilla sterilis";"SPECIES"
"285";"prunus laurocerasus l.";"Prunus laurocerasus";99;"Prunus laurocerasus";"Plantae";"Tracheophyta";"Magnoliopsida";"Rosales";"Rosaceae";"Prunus";"Prunus laurocerasus";"SPECIES"
"286";"quercus petraea (matt.) liebl.";"Quercus petraea";99;"Quercus petraea";"Plantae";"Tracheophyta";"Magnoliopsida";"Fagales";"Fagaceae";"Quercus";"Quercus petraea";"SPECIES"
"287";"rabelera holostea (l.) m.t.sharples & e.a.tripp";"Rabelera holostea";99;"Rabelera holostea";"Plantae";"Tracheophyta";"Magnoliopsida";"Caryophyllales";"Caryophyllaceae";"Rabelera";"Rabelera holostea";"SPECIES"
"288";"ranunculus bulbosus l.";"Ranunculus bulbosus";97;"Ranunculus bulbosus";"Plantae";"Tracheophyta";"Magnoliopsida";"Ranunculales";"Ranunculaceae";"Ranunculus";"Ranunculus bulbosus";"SPECIES"
"289";"reynoutria japonica houtt.";"Reynoutria japonica";99;"Reynoutria japonica";"Plantae";"Tracheophyta";"Magnoliopsida";"Caryophyllales";"Polygonaceae";"Reynoutria";"Reynoutria japonica";"SPECIES"
"290";"rorippa palustris (l.) besser";"Rorippa palustris";97;"Rorippa palustris";"Plantae";"Tracheophyta";"Magnoliopsida";"Brassicales";"Brassicaceae";"Rorippa";"Rorippa palustris";"SPECIES"
"291";"rosa dumalis subsp. dumalis";"Rosa dumalis dumalis";97;"Rosa dumalis dumalis";"Plantae";"Tracheophyta";"Magnoliopsida";"Rosales";"Rosaceae";"Rosa";"Rosa dumalis";"SUBSPECIES"
"292";"rumex thyrsiflorus fingerh.";"Rumex thyrsiflorus";99;"Rumex thyrsiflorus";"Plantae";"Tracheophyta";"Magnoliopsida";"Caryophyllales";"Polygonaceae";"Rumex";"Rumex thyrsiflorus";"SPECIES"
"293";"sanicula europaea l.";"Sanicula europaea";97;"Sanicula europaea";"Plantae";"Tracheophyta";"Magnoliopsida";"Apiales";"Apiaceae";"Sanicula";"Sanicula europaea";"SPECIES"
"294";"saponaria officinalis l.";"Saponaria officinalis";99;"Saponaria officinalis";"Plantae";"Tracheophyta";"Magnoliopsida";"Caryophyllales";"Caryophyllaceae";"Saponaria";"Saponaria officinalis";"SPECIES"
"295";"senecio vulgaris l.";"Senecio vulgaris";99;"Senecio vulgaris";"Plantae";"Tracheophyta";"Magnoliopsida";"Asterales";"Asteraceae";"Senecio";"Senecio vulgaris";"SPECIES"
"296";"sparganium emersum rehmann";"Sparganium emersum";99;"Sparganium emersum";"Plantae";"Tracheophyta";"Liliopsida";"Poales";"Typhaceae";"Sparganium";"Sparganium emersum";"SPECIES"
"297";"succisa pratensis moench";"Succisa pratensis";99;"Succisa pratensis";"Plantae";"Tracheophyta";"Magnoliopsida";"Dipsacales";"Caprifoliaceae";"Succisa";"Succisa pratensis";"SPECIES"
"298";"thamnobryum alopecurum (hedw.) gangulee";"Thamnobryum alopecurum";97;"Thamnobryum alopecurum";"Plantae";"Bryophyta";"Bryopsida";"Hypnales";"Neckeraceae";"Thamnobryum";"Thamnobryum alopecurum";"SPECIES"
"299";"tragopogon pratensis subsp. pratensis";"Tragopogon pratensis pratensis";97;"Tragopogon pratensis pratensis";"Plantae";"Tracheophyta";"Magnoliopsida";"Asterales";"Asteraceae";"Tragopogon";"Tragopogon pratensis";"SUBSPECIES"
"300";"trifolium incarnatum l.";"Trifolium incarnatum";97;"Trifolium incarnatum";"Plantae";"Tracheophyta";"Magnoliopsida";"Fabales";"Fabaceae";"Trifolium";"Trifolium incarnatum";"SPECIES"
"301";"trifolium medium l.";"Trifolium medium";98;"Trifolium medium";"Plantae";"Tracheophyta";"Magnoliopsida";"Fabales";"Fabaceae";"Trifolium";"Trifolium medium";"SPECIES"
"302";"valeriana sambucifolia subsp. procurrens (wallr.) á.löwe";"Valeriana sambucifolia procurrens";97;"Valeriana sambucifolia procurrens";"Plantae";"Tracheophyta";"Magnoliopsida";"Dipsacales";"Caprifoliaceae";"Valeriana";"Valeriana excelsa";"SUBSPECIES"
"303";"veronica persica poir.";"Veronica persica";99;"Veronica persica";"Plantae";"Tracheophyta";"Magnoliopsida";"Lamiales";"Plantaginaceae";"Veronica";"Veronica persica";"SPECIES"
"304";"vicia lathyroides l.";"Vicia lathyroides";98;"Vicia lathyroides";"Plantae";"Tracheophyta";"Magnoliopsida";"Fabales";"Fabaceae";"Vicia";"Vicia lathyroides";"SPECIES"
"305";"vicia sativa subsp. sativa";"Vicia sativa sativa";97;"Vicia sativa sativa";"Plantae";"Tracheophyta";"Magnoliopsida";"Fabales";"Fabaceae";"Vicia";"Vicia sativa";"SUBSPECIES"
"306";"viola arvensis murray";"Viola arvensis";99;"Viola arvensis";"Plantae";"Tracheophyta";"Magnoliopsida";"Malpighiales";"Violaceae";"Viola";"Viola arvensis";"SPECIES"
"307";"abies nordmanniana (steven) spach";"Abies nordmanniana";99;"Abies nordmanniana";"Plantae";"Tracheophyta";"Pinopsida";"Pinales";"Pinaceae";"Abies";"Abies nordmanniana";"SPECIES"
"308";"alchemilla glabra neygenf.";"Alchemilla glabra";97;"Alchemilla glabra";"Plantae";"Tracheophyta";"Magnoliopsida";"Rosales";"Rosaceae";"Alchemilla";"Alchemilla glabra";"SPECIES"
"309";"allium oleraceum l.";"Allium oleraceum";97;"Allium oleraceum";"Plantae";"Tracheophyta";"Liliopsida";"Asparagales";"Amaryllidaceae";"Allium";"Allium oleraceum";"SPECIES"
"310";"allium scorodoprasum l.";"Allium scorodoprasum";99;"Allium scorodoprasum";"Plantae";"Tracheophyta";"Liliopsida";"Asparagales";"Amaryllidaceae";"Allium";"Allium scorodoprasum";"SPECIES"
"311";"anchusa officinalis l.";"Anchusa officinalis";97;"Anchusa officinalis";"Plantae";"Tracheophyta";"Magnoliopsida";"Boraginales";"Boraginaceae";"Anchusa";"Anchusa officinalis";"SPECIES"
"312";"anomodon viticulosus (hedw.) hook. & taylor";"Anomodon viticulosus";99;"Anomodon viticulosus";"Plantae";"Bryophyta";"Bryopsida";"Hypnales";"Anomodontaceae";"Anomodon";"Anomodon viticulosus";"SPECIES"
"313";"anthyllis vulneraria l.";"Anthyllis vulneraria";97;"Anthyllis vulneraria";"Plantae";"Tracheophyta";"Magnoliopsida";"Fabales";"Fabaceae";"Anthyllis";"Anthyllis vulneraria";"SPECIES"
"314";"aquilegia vulgaris l.";"Aquilegia vulgaris";97;"Aquilegia vulgaris";"Plantae";"Tracheophyta";"Magnoliopsida";"Ranunculales";"Ranunculaceae";"Aquilegia";"Aquilegia vulgaris";"SPECIES"
"315";"arctium lappa l.";"Arctium lappa";97;"Arctium lappa";"Plantae";"Tracheophyta";"Magnoliopsida";"Asterales";"Asteraceae";"Arctium";"Arctium lappa";"SPECIES"
"316";"arenaria serpyllifolia l.";"Arenaria serpyllifolia";97;"Arenaria serpyllifolia";"Plantae";"Tracheophyta";"Magnoliopsida";"Caryophyllales";"Caryophyllaceae";"Arenaria";"Arenaria serpyllifolia";"SPECIES"
"317";"aronia melanocarpa (michx.) elliott";"Aronia melanocarpa";97;"Aronia melanocarpa";"Plantae";"Tracheophyta";"Magnoliopsida";"Rosales";"Rosaceae";"Aronia";"Aronia melanocarpa";"SPECIES"
"318";"artemisia vulgaris l.";"Artemisia vulgaris";97;"Artemisia vulgaris";"Plantae";"Tracheophyta";"Magnoliopsida";"Asterales";"Asteraceae";"Artemisia";"Artemisia vulgaris";"SPECIES"
"319";"atriplex patula l.";"Atriplex patula";98;"Atriplex patula";"Plantae";"Tracheophyta";"Magnoliopsida";"Caryophyllales";"Amaranthaceae";"Atriplex";"Atriplex patula";"SPECIES"
"320";"aulacomnium palustre (hedw.) schwägr.";"Aulacomnium palustre";99;"Aulacomnium palustre";"Plantae";"Bryophyta";"Bryopsida";"Aulacomniales";"Aulacomniaceae";"Aulacomnium";"Aulacomnium palustre";"SPECIES"
"321";"betula pendula roth";"Betula pendula";99;"Betula pendula";"Plantae";"Tracheophyta";"Magnoliopsida";"Fagales";"Betulaceae";"Betula";"Betula pendula";"SPECIES"
"322";"brachythecium rutabulum (hedw.) schimp.";"Brachythecium rutabulum";97;"Brachythecium rutabulum";"Plantae";"Bryophyta";"Bryopsida";"Hypnales";"Brachytheciaceae";"Brachythecium";"Brachythecium rutabulum";"SPECIES"
"323";"brassica napus subsp. napus";"Brassica napus napus";97;"Brassica napus napus";"Plantae";"Tracheophyta";"Magnoliopsida";"Brassicales";"Brassicaceae";"Brassica";"Brassica napus";"FORM"
"324";"brunnera macrophylla (adams) i.m.johnst.";"Brunnera macrophylla";99;"Brunnera macrophylla";"Plantae";"Tracheophyta";"Magnoliopsida";"Boraginales";"Boraginaceae";"Brunnera";"Brunnera macrophylla";"SPECIES"
"325";"campanula rotundifolia l.";"Campanula rotundifolia";97;"Campanula rotundifolia";"Plantae";"Tracheophyta";"Magnoliopsida";"Asterales";"Campanulaceae";"Campanula";"Campanula rotundifolia";"SPECIES"
"326";"carex cespitosa l.";"Carex cespitosa";97;"Carex cespitosa";"Plantae";"Tracheophyta";"Liliopsida";"Poales";"Cyperaceae";"Carex";"Carex cespitosa";"SPECIES"
"327";"carex demissa hornem.";"Carex demissa";97;"Carex demissa";"Plantae";"Tracheophyta";"Liliopsida";"Poales";"Cyperaceae";"Carex";"Carex demissa";"SPECIES"
"328";"carex diandra schrank";"Carex diandra";97;"Carex diandra";"Plantae";"Tracheophyta";"Liliopsida";"Poales";"Cyperaceae";"Carex";"Carex diandra";"SPECIES"
"329";"carex echinata murray";"Carex echinata";97;"Carex echinata";"Plantae";"Tracheophyta";"Liliopsida";"Poales";"Cyperaceae";"Carex";"Carex echinata";"SPECIES"
"330";"carex nigra var. recta (f.fleisch) hyl.";"Carex nigra recta";97;"Carex nigra recta";"Plantae";"Tracheophyta";"Liliopsida";"Poales";"Cyperaceae";"Carex";"Carex nigra";"SUBSPECIES"
"331";"centaurea cyanus l.";"Centaurea cyanus";99;"Centaurea cyanus";"Plantae";"Tracheophyta";"Magnoliopsida";"Asterales";"Asteraceae";"Centaurea";"Centaurea cyanus";"SPECIES"
"332";"cerastium fontanum baumg.";"Cerastium fontanum";99;"Cerastium fontanum";"Plantae";"Tracheophyta";"Magnoliopsida";"Caryophyllales";"Caryophyllaceae";"Cerastium";"Cerastium fontanum";"SPECIES"
"333";"ceratophyllum submersum l.";"Ceratophyllum submersum";99;"Ceratophyllum submersum";"Plantae";"Tracheophyta";"Magnoliopsida";"Ceratophyllales";"Ceratophyllaceae";"Ceratophyllum";"Ceratophyllum submersum";"SPECIES"
"334";"chaerophyllum temulum l.";"Chaerophyllum temulum";99;"Chaerophyllum temulum";"Plantae";"Tracheophyta";"Magnoliopsida";"Apiales";"Apiaceae";"Chaerophyllum";"Chaerophyllum temulum";"SPECIES"
"335";"chelidonium majus l.";"Chelidonium majus";98;"Chelidonium majus";"Plantae";"Tracheophyta";"Magnoliopsida";"Ranunculales";"Papaveraceae";"Chelidonium";"Chelidonium majus";"SPECIES"
"336";"chenopodium album l.";"Chenopodium album";97;"Chenopodium album";"Plantae";"Tracheophyta";"Magnoliopsida";"Caryophyllales";"Amaranthaceae";"Chenopodium";"Chenopodium album";"SPECIES"
"337";"chrysosplenium alternifolium l.";"Chrysosplenium alternifolium";99;"Chrysosplenium alternifolium";"Plantae";"Tracheophyta";"Magnoliopsida";"Saxifragales";"Saxifragaceae";"Chrysosplenium";"Chrysosplenium alternifolium";"SPECIES"
"338";"cicuta virosa l.";"Cicuta virosa";99;"Cicuta virosa";"Plantae";"Tracheophyta";"Magnoliopsida";"Apiales";"Apiaceae";"Cicuta";"Cicuta virosa";"SPECIES"
"339";"climacium dendroides (hedw.) f.weber & d.mohr";"Climacium dendroides";99;"Climacium dendroides";"Plantae";"Bryophyta";"Bryopsida";"Hypnales";"Climaciaceae";"Climacium";"Climacium dendroides";"SPECIES"
"340";"convallaria majalis l.";"Convallaria majalis";99;"Convallaria majalis";"Plantae";"Tracheophyta";"Liliopsida";"Asparagales";"Asparagaceae";"Convallaria";"Convallaria majalis";"SPECIES"
"341";"cornus sericea l.";"Cornus sericea";99;"Cornus sericea";"Plantae";"Tracheophyta";"Magnoliopsida";"Cornales";"Cornaceae";"Cornus";"Cornus sericea";"SPECIES"
"342";"cynoglossum amabile stapf & j.r.drumm.";"Cynoglossum amabile";99;"Cynoglossum amabile";"Plantae";"Tracheophyta";"Magnoliopsida";"Boraginales";"Boraginaceae";"Cynoglossum";"Cynoglossum amabile";"SPECIES"
"343";"dactylorhiza majalis subsp. majalis";"Dactylorhiza majalis majalis";97;"Dactylorhiza majalis majalis";"Plantae";"Tracheophyta";"Liliopsida";"Asparagales";"Orchidaceae";"Dactylorhiza";"Dactylorhiza majalis";"SUBSPECIES"
"344";"datura stramonium l.";"Datura stramonium";98;"Datura stramonium";"Plantae";"Tracheophyta";"Magnoliopsida";"Solanales";"Solanaceae";"Datura";"Datura stramonium";"SPECIES"
"345";"daucus carota l.";"Daucus carota";97;"Daucus carota";"Plantae";"Tracheophyta";"Magnoliopsida";"Apiales";"Apiaceae";"Daucus";"Daucus carota";"SPECIES"
"346";"draba verna l.";"Draba verna";99;"Draba verna";"Plantae";"Tracheophyta";"Magnoliopsida";"Brassicales";"Brassicaceae";"Draba";"Draba verna";"SPECIES"
"347";"epilobium adenocaulon hausskn.";"Epilobium adenocaulon";98;"Epilobium adenocaulon";"Plantae";"Tracheophyta";"Magnoliopsida";"Myrtales";"Onagraceae";"Epilobium";"Epilobium ciliatum";"SPECIES"
"348";"equisetum sylvaticum l.";"Equisetum sylvaticum";99;"Equisetum sylvaticum";"Plantae";"Tracheophyta";"Polypodiopsida";"Equisetales";"Equisetaceae";"Equisetum";"Equisetum sylvaticum";"SPECIES"
"349";"eranthis hyemalis (l.) salisb.";"Eranthis hyemalis";99;"Eranthis hyemalis";"Plantae";"Tracheophyta";"Magnoliopsida";"Ranunculales";"Ranunculaceae";"Eranthis";"Eranthis hyemalis";"SPECIES"
"350";"eryngium campestre l.";"Eryngium campestre";99;"Eryngium campestre";"Plantae";"Tracheophyta";"Magnoliopsida";"Apiales";"Apiaceae";"Eryngium";"Eryngium campestre";"SPECIES"
"351";"euphorbia peplus l.";"Euphorbia peplus";99;"Euphorbia peplus";"Plantae";"Tracheophyta";"Magnoliopsida";"Malpighiales";"Euphorbiaceae";"Euphorbia";"Euphorbia peplus";"SPECIES"
"352";"fontinalis antipyretica hedw.";"Fontinalis antipyretica";97;"Fontinalis antipyretica";"Plantae";"Bryophyta";"Bryopsida";"Hypnales";"Fontinalaceae";"Fontinalis";"Fontinalis antipyretica";"SPECIES"
"353";"fragaria vesca l.";"Fragaria vesca";98;"Fragaria vesca";"Plantae";"Tracheophyta";"Magnoliopsida";"Rosales";"Rosaceae";"Fragaria";"Fragaria vesca";"SPECIES"
"354";"fumaria officinalis l.";"Fumaria officinalis";97;"Fumaria officinalis";"Plantae";"Tracheophyta";"Magnoliopsida";"Ranunculales";"Papaveraceae";"Fumaria";"Fumaria officinalis";"SPECIES"
"355";"gagea lutea (l.) ker gawl.";"Gagea lutea";97;"Gagea lutea";"Plantae";"Tracheophyta";"Liliopsida";"Liliales";"Liliaceae";"Gagea";"Gagea lutea";"SPECIES"
"356";"galinsoga quadriradiata ruiz & pav.";"Galinsoga quadriradiata";98;"Galinsoga quadriradiata";"Plantae";"Tracheophyta";"Magnoliopsida";"Asterales";"Asteraceae";"Galinsoga";"Galinsoga quadriradiata";"SPECIES"
"357";"geranium ×oxonianum p.f.yeo";"Geranium oxonianum";99;"Geranium oxonianum";"Plantae";"Tracheophyta";"Magnoliopsida";"Geraniales";"Geraniaceae";"Geranium";"Geranium oxonianum";"SPECIES"
"358";"holcus mollis l.";"Holcus mollis";99;"Holcus mollis";"Plantae";"Tracheophyta";"Liliopsida";"Poales";"Poaceae";"Holcus";"Holcus mollis";"SPECIES"
"359";"iberis umbellata l.";"Iberis umbellata";98;"Iberis umbellata";"Plantae";"Tracheophyta";"Magnoliopsida";"Brassicales";"Brassicaceae";"Iberis";"Iberis umbellata";"SPECIES"
"360";"ilex aquifolium l.";"Ilex aquifolium";97;"Ilex aquifolium";"Plantae";"Tracheophyta";"Magnoliopsida";"Aquifoliales";"Aquifoliaceae";"Ilex";"Ilex aquifolium";"SPECIES"
"361";"impatiens parviflora dc.";"Impatiens parviflora";99;"Impatiens parviflora";"Plantae";"Tracheophyta";"Magnoliopsida";"Ericales";"Balsaminaceae";"Impatiens";"Impatiens parviflora";"SPECIES"
"362";"lamiastrum galeobdolon subsp. galeobdolon";"Lamiastrum galeobdolon galeobdolon";98;"Lamiastrum galeobdolon galeobdolon";"Plantae";"Tracheophyta";"Magnoliopsida";"Lamiales";"Lamiaceae";"Lamium";"Lamium galeobdolon";"VARIETY"
"363";"lamium album l.";"Lamium album";97;"Lamium album";"Plantae";"Tracheophyta";"Magnoliopsida";"Lamiales";"Lamiaceae";"Lamium";"Lamium album";"SPECIES"
"364";"lamium purpureum l.";"Lamium purpureum";99;"Lamium purpureum";"Plantae";"Tracheophyta";"Magnoliopsida";"Lamiales";"Lamiaceae";"Lamium";"Lamium purpureum";"SPECIES"
"365";"lemna gibba l.";"Lemna gibba";97;"Lemna gibba";"Plantae";"Tracheophyta";"Liliopsida";"Alismatales";"Araceae";"Lemna";"Lemna gibba";"SPECIES"
"366";"ligustrum vulgare l.";"Ligustrum vulgare";98;"Ligustrum vulgare";"Plantae";"Tracheophyta";"Magnoliopsida";"Lamiales";"Oleaceae";"Ligustrum";"Ligustrum vulgare";"SPECIES"
"367";"lotus pedunculatus cav.";"Lotus pedunculatus";99;"Lotus pedunculatus";"Plantae";"Tracheophyta";"Magnoliopsida";"Fabales";"Fabaceae";"Lotus";"Lotus pedunculatus";"SPECIES"
"368";"lunaria annua l.";"Lunaria annua";98;"Lunaria annua";"Plantae";"Tracheophyta";"Magnoliopsida";"Brassicales";"Brassicaceae";"Lunaria";"Lunaria annua";"SPECIES"
"369";"luzula multiflora (ehrh.) lej.";"Luzula multiflora";99;"Luzula multiflora";"Plantae";"Tracheophyta";"Liliopsida";"Poales";"Juncaceae";"Luzula";"Luzula multiflora";"SPECIES"
"370";"luzula pilosa (l.) willd.";"Luzula pilosa";98;"Luzula pilosa";"Plantae";"Tracheophyta";"Liliopsida";"Poales";"Juncaceae";"Luzula";"Luzula pilosa";"SPECIES"
"371";"lysimachia nemorum l.";"Lysimachia nemorum";97;"Lysimachia nemorum";"Plantae";"Tracheophyta";"Magnoliopsida";"Ericales";"Primulaceae";"Lysimachia";"Lysimachia nemorum";"SPECIES"
"372";"lysimachia thyrsiflora l.";"Lysimachia thyrsiflora";98;"Lysimachia thyrsiflora";"Plantae";"Tracheophyta";"Magnoliopsida";"Ericales";"Primulaceae";"Lysimachia";"Lysimachia thyrsiflora";"SPECIES"
"373";"malus baccata (l.) borkh.";"Malus baccata";98;"Malus baccata";"Plantae";"Tracheophyta";"Magnoliopsida";"Rosales";"Rosaceae";"Malus";"Malus baccata";"SPECIES"
"374";"malva moschata l.";"Malva moschata";98;"Malva moschata";"Plantae";"Tracheophyta";"Magnoliopsida";"Malvales";"Malvaceae";"Malva";"Malva moschata";"SPECIES"
"375";"malva sylvestris l.";"Malva sylvestris";99;"Malva sylvestris";"Plantae";"Tracheophyta";"Magnoliopsida";"Malvales";"Malvaceae";"Malva";"Malva sylvestris";"SPECIES"
"376";"matricaria discoidea dc.";"Matricaria discoidea";99;"Matricaria discoidea";"Plantae";"Tracheophyta";"Magnoliopsida";"Asterales";"Asteraceae";"Matricaria";"Matricaria discoidea";"SPECIES"
"377";"melissa officinalis l.";"Melissa officinalis";99;"Melissa officinalis";"Plantae";"Tracheophyta";"Magnoliopsida";"Lamiales";"Lamiaceae";"Melissa";"Melissa officinalis";"SPECIES"
"378";"myosotis arvensis (l.) hill";"Myosotis arvensis";97;"Myosotis arvensis";"Plantae";"Tracheophyta";"Magnoliopsida";"Boraginales";"Boraginaceae";"Myosotis";"Myosotis arvensis";"SPECIES"
"379";"myosotis discolor pers.";"Myosotis discolor";99;"Myosotis discolor";"Plantae";"Tracheophyta";"Magnoliopsida";"Boraginales";"Boraginaceae";"Myosotis";"Myosotis discolor";"SPECIES"
"380";"myosotis sylvatica ehrh. ex hoffm.";"Myosotis sylvatica";97;"Myosotis sylvatica";"Plantae";"Tracheophyta";"Magnoliopsida";"Boraginales";"Boraginaceae";"Myosotis";"Myosotis sylvatica";"SPECIES"
"381";"neottia ovata (l.) bluff & fingerh.";"Neottia ovata";97;"Neottia ovata";"Plantae";"Tracheophyta";"Liliopsida";"Asparagales";"Orchidaceae";"Neottia";"Neottia ovata";"SPECIES"
"382";"nigella damascena l.";"Nigella damascena";99;"Nigella damascena";"Plantae";"Tracheophyta";"Magnoliopsida";"Ranunculales";"Ranunculaceae";"Nigella";"Nigella damascena";"SPECIES"
"383";"nymphaea alba l.";"Nymphaea alba";97;"Nymphaea alba";"Plantae";"Tracheophyta";"Magnoliopsida";"Nymphaeales";"Nymphaeaceae";"Nymphaea";"Nymphaea alba";"SPECIES"
"384";"onobrychis viciifolia scop.";"Onobrychis viciifolia";97;"Onobrychis viciifolia";"Plantae";"Tracheophyta";"Magnoliopsida";"Fabales";"Fabaceae";"Onobrychis";"Onobrychis viciifolia";"SPECIES"
"385";"orthotrichum affine brid.";"Orthotrichum affine";97;"Orthotrichum affine";"Plantae";"Bryophyta";"Bryopsida";"Orthotrichales";"Orthotrichaceae";"Lewinskya";"Lewinskya affinis";"SPECIES"
"386";"papaver argemone l.";"Papaver argemone";98;"Papaver argemone";"Plantae";"Tracheophyta";"Magnoliopsida";"Ranunculales";"Papaveraceae";"Roemeria";"Roemeria argemone";"SPECIES"
"387";"papaver somniferum l.";"Papaver somniferum";99;"Papaver somniferum";"Plantae";"Tracheophyta";"Magnoliopsida";"Ranunculales";"Papaveraceae";"Papaver";"Papaver somniferum";"SPECIES"
"388";"persicaria hydropiper (l.) delarbre";"Persicaria hydropiper";97;"Persicaria hydropiper";"Plantae";"Tracheophyta";"Magnoliopsida";"Caryophyllales";"Polygonaceae";"Persicaria";"Persicaria hydropiper";"SPECIES"
"389";"persicaria maculosa gray";"Persicaria maculosa";99;"Persicaria maculosa";"Plantae";"Tracheophyta";"Magnoliopsida";"Caryophyllales";"Polygonaceae";"Persicaria";"Persicaria maculosa";"SPECIES"
"390";"phytolacca acinosa roxb.";"Phytolacca acinosa";99;"Phytolacca acinosa";"Plantae";"Tracheophyta";"Magnoliopsida";"Caryophyllales";"Phytolaccaceae";"Phytolacca";"Phytolacca acinosa";"SPECIES"
"391";"picea abies (l.) h.karst.";"Picea abies";97;"Picea abies";"Plantae";"Tracheophyta";"Pinopsida";"Pinales";"Pinaceae";"Picea";"Picea abies";"SPECIES"
"392";"picea sitchensis (bong.) carrière";"Picea sitchensis";97;"Picea sitchensis";"Plantae";"Tracheophyta";"Pinopsida";"Pinales";"Pinaceae";"Picea";"Picea sitchensis";"SPECIES"
"393";"plagiomnium elatum (bruch & schimp.) t.j.kop.";"Plagiomnium elatum";99;"Plagiomnium elatum";"Plantae";"Bryophyta";"Bryopsida";"Bryales";"Mniaceae";"Plagiomnium";"Plagiomnium elatum";"SPECIES"
"394";"poa nemoralis l.";"Poa nemoralis";97;"Poa nemoralis";"Plantae";"Tracheophyta";"Liliopsida";"Poales";"Poaceae";"Poa";"Poa nemoralis";"SPECIES"
"395";"polytrichum formosum hedw.";"Polytrichum formosum";99;"Polytrichum formosum";"Plantae";"Bryophyta";"Polytrichopsida";"Polytrichales";"Polytrichaceae";"Polytrichum";"Polytrichum formosum";"SPECIES"
"396";"potentilla heptaphylla l.";"Potentilla heptaphylla";97;"Potentilla heptaphylla";"Plantae";"Tracheophyta";"Magnoliopsida";"Rosales";"Rosaceae";"Potentilla";"Potentilla heptaphylla";"SPECIES"
"397";"potentilla indica (andrews) th.wolf";"Potentilla indica";99;"Potentilla indica";"Plantae";"Tracheophyta";"Magnoliopsida";"Rosales";"Rosaceae";"Potentilla";"Potentilla indica";"SPECIES"
"398";"pseudotsuga menziesii (mirb.) franco";"Pseudotsuga menziesii";99;"Pseudotsuga menziesii";"Plantae";"Tracheophyta";"Pinopsida";"Pinales";"Pinaceae";"Pseudotsuga";"Pseudotsuga menziesii";"SPECIES"
"399";"pulmonaria obscura dumort.";"Pulmonaria obscura";97;"Pulmonaria obscura";"Plantae";"Tracheophyta";"Magnoliopsida";"Boraginales";"Boraginaceae";"Pulmonaria";"Pulmonaria obscura";"SPECIES"
"400";"pulmonaria officinalis l.";"Pulmonaria officinalis";97;"Pulmonaria officinalis";"Plantae";"Tracheophyta";"Magnoliopsida";"Boraginales";"Boraginaceae";"Pulmonaria";"Pulmonaria officinalis";"SPECIES"
"401";"radula complanata (l.) dumort.";"Radula complanata";99;"Radula complanata";"Plantae";"Marchantiophyta";"Jungermanniopsida";"Porellales";"Radulaceae";"Radula";"Radula complanata";"SPECIES"
"402";"ranunculus aquatilis var. aquatilis";"Ranunculus aquatilis aquatilis";97;"Ranunculus aquatilis aquatilis";"Plantae";"Tracheophyta";"Magnoliopsida";"Ranunculales";"Ranunculaceae";"Ranunculus";"Ranunculus aquatilis";"VARIETY"
"403";"raphanus raphanistrum l.";"Raphanus raphanistrum";98;"Raphanus raphanistrum";"Plantae";"Tracheophyta";"Magnoliopsida";"Brassicales";"Brassicaceae";"Raphanus";"Raphanus raphanistrum";"SPECIES"
"404";"rhamnus cathartica l.";"Rhamnus cathartica";98;"Rhamnus cathartica";"Plantae";"Tracheophyta";"Magnoliopsida";"Rosales";"Rhamnaceae";"Rhamnus";"Rhamnus cathartica";"SPECIES"
"405";"ricciocarpos natans (l.) corda";"Ricciocarpos natans";99;"Ricciocarpos natans";"Plantae";"Marchantiophyta";"Marchantiopsida";"Marchantiales";"Ricciaceae";"Ricciocarpos";"Ricciocarpos natans";"SPECIES"
"406";"rorippa amphibia (l.) besser";"Rorippa amphibia";99;"Rorippa amphibia";"Plantae";"Tracheophyta";"Magnoliopsida";"Brassicales";"Brassicaceae";"Rorippa";"Rorippa amphibia";"SPECIES"
"407";"rosa canina subsp. canina";"Rosa canina canina";97;"Rosa canina canina";"Plantae";"Tracheophyta";"Magnoliopsida";"Rosales";"Rosaceae";"Rosa";"Rosa canina";"VARIETY"
"408";"rosa multiflora thunb.";"Rosa multiflora";97;"Rosa multiflora";"Plantae";"Tracheophyta";"Magnoliopsida";"Rosales";"Rosaceae";"Rosa";"Rosa multiflora";"SPECIES"
"409";"rosa rugosa thunb.";"Rosa rugosa";97;"Rosa rugosa";"Plantae";"Tracheophyta";"Magnoliopsida";"Rosales";"Rosaceae";"Rosa";"Rosa rugosa";"SPECIES"
"410";"rubus laciniatus willd.";"Rubus laciniatus";97;"Rubus laciniatus";"Plantae";"Tracheophyta";"Magnoliopsida";"Rosales";"Rosaceae";"Rubus";"Rubus laciniatus";"SPECIES"
"411";"rumex acetosella subsp. acetosella";"Rumex acetosella acetosella";97;"Rumex acetosella acetosella";"Plantae";"Tracheophyta";"Magnoliopsida";"Caryophyllales";"Polygonaceae";"Rumex";"Rumex acetosella";"SUBSPECIES"
"412";"salix caprea l.";"Salix caprea";97;"Salix caprea";"Plantae";"Tracheophyta";"Magnoliopsida";"Malpighiales";"Salicaceae";"Salix";"Salix caprea";"SPECIES"
"413";"sanguisorba minor scop.";"Sanguisorba minor";97;"Sanguisorba minor";"Plantae";"Tracheophyta";"Magnoliopsida";"Rosales";"Rosaceae";"Poterium";"Poterium sanguisorba";"SPECIES"
"414";"schoenoplectus lacustris (l.) palla";"Schoenoplectus lacustris";99;"Schoenoplectus lacustris";"Plantae";"Tracheophyta";"Liliopsida";"Poales";"Cyperaceae";"Schoenoplectus";"Schoenoplectus lacustris";"SPECIES"
"415";"schoenoplectus tabernaemontani (c.c.gmel.) palla";"Schoenoplectus tabernaemontani";99;"Schoenoplectus tabernaemontani";"Plantae";"Tracheophyta";"Liliopsida";"Poales";"Cyperaceae";"Schoenoplectus";"Schoenoplectus tabernaemontani";"SPECIES"
"416";"sciuro-hypnum plumosum (hedw.) ignatov & huttunen";"Sciuro-hypnum plumosum";97;"Sciuro-hypnum plumosum";"Plantae";"Bryophyta";"Bryopsida";"Hypnales";"Brachytheciaceae";"Sciuro-hypnum";"Sciuro-hypnum plumosum";"SPECIES"
"417";"sherardia arvensis l.";"Sherardia arvensis";99;"Sherardia arvensis";"Plantae";"Tracheophyta";"Magnoliopsida";"Gentianales";"Rubiaceae";"Sherardia";"Sherardia arvensis";"SPECIES"
"418";"silene vulgaris (moench) garcke";"Silene vulgaris";99;"Silene vulgaris";"Plantae";"Tracheophyta";"Magnoliopsida";"Caryophyllales";"Caryophyllaceae";"Silene";"Silene vulgaris";"SPECIES"
"419";"solanum nigrum l.";"Solanum nigrum";97;"Solanum nigrum";"Plantae";"Tracheophyta";"Magnoliopsida";"Solanales";"Solanaceae";"Solanum";"Solanum nigrum";"SPECIES"
"420";"solidago virgaurea l.";"Solidago virgaurea";98;"Solidago virgaurea";"Plantae";"Tracheophyta";"Magnoliopsida";"Asterales";"Asteraceae";"Solidago";"Solidago virgaurea";"SPECIES"
"421";"sonchus asper (l.) hill";"Sonchus asper";97;"Sonchus asper";"Plantae";"Tracheophyta";"Magnoliopsida";"Asterales";"Asteraceae";"Sonchus";"Sonchus asper";"SPECIES"
"422";"spirodela polyrhiza (l.) schleid.";"Spirodela polyrhiza";99;"Spirodela polyrhiza";"Plantae";"Tracheophyta";"Liliopsida";"Alismatales";"Araceae";"Spirodela";"Spirodela polyrhiza";"SPECIES"
"423";"stellaria media (l.) vill.";"Stellaria media";97;"Stellaria media";"Plantae";"Tracheophyta";"Magnoliopsida";"Caryophyllales";"Caryophyllaceae";"Stellaria";"Stellaria media";"SPECIES"
"424";"symphoricarpos albus (l.) k.koch";"Symphoricarpos albus";97;"Symphoricarpos albus";"Plantae";"Tracheophyta";"Magnoliopsida";"Dipsacales";"Caprifoliaceae";"Symphoricarpos";"Symphoricarpos albus";"SPECIES"
"425";"syntrichia latifolia (bruch ex hartm.) huebener";"Syntrichia latifolia";99;"Syntrichia latifolia";"Plantae";"Bryophyta";"Bryopsida";"Pottiales";"Pottiaceae";"Syntrichia";"Syntrichia latifolia";"SPECIES"
"426";"syringa vulgaris l.";"Syringa vulgaris";99;"Syringa vulgaris";"Plantae";"Tracheophyta";"Magnoliopsida";"Lamiales";"Oleaceae";"Syringa";"Syringa vulgaris";"SPECIES"
"427";"taraxacum acutifrons markl.";"Taraxacum acutifrons";99;"Taraxacum acutifrons";"Plantae";"Tracheophyta";"Magnoliopsida";"Asterales";"Asteraceae";"Taraxacum";"Taraxacum acutifrons";"SPECIES"
"428";"taraxacum officinale weber ex f.h.wigg.";"Taraxacum officinale";98;"Taraxacum officinale";"Plantae";"Tracheophyta";"Magnoliopsida";"Asterales";"Asteraceae";"Taraxacum";"Taraxacum officinale";"SPECIES"
"429";"taraxacum pronilobum h.øllg.";"Taraxacum pronilobum";99;"Taraxacum pronilobum";"Plantae";"Tracheophyta";"Magnoliopsida";"Asterales";"Asteraceae";"Taraxacum";"Taraxacum pronilobum";"SPECIES"
"430";"taxus baccata l.";"Taxus baccata";97;"Taxus baccata";"Plantae";"Tracheophyta";"Pinopsida";"Pinales";"Taxaceae";"Taxus";"Taxus baccata";"SPECIES"
"431";"thuja plicata donn ex d.don";"Thuja plicata";98;"Thuja plicata";"Plantae";"Tracheophyta";"Pinopsida";"Pinales";"Cupressaceae";"Thuja";"Thuja plicata";"SPECIES"
"432";"trifolium arvense l.";"Trifolium arvense";97;"Trifolium arvense";"Plantae";"Tracheophyta";"Magnoliopsida";"Fabales";"Fabaceae";"Trifolium";"Trifolium arvense";"SPECIES"
"433";"trifolium striatum l.";"Trifolium striatum";99;"Trifolium striatum";"Plantae";"Tracheophyta";"Magnoliopsida";"Fabales";"Fabaceae";"Trifolium";"Trifolium striatum";"SPECIES"
"434";"tripleurospermum inodorum (l.) sch.-bip";"Tripleurospermum inodorum";99;"Tripleurospermum inodorum";"Plantae";"Tracheophyta";"Magnoliopsida";"Asterales";"Asteraceae";"Tripleurospermum";"Tripleurospermum inodorum";"SPECIES"
"435";"valeriana officinalis l.";"Valeriana officinalis";99;"Valeriana officinalis";"Plantae";"Tracheophyta";"Magnoliopsida";"Dipsacales";"Caprifoliaceae";"Valeriana";"Valeriana officinalis";"SPECIES"
"436";"valeriana officinalis subsp. sambucifolia (j.c.mikan ex pohl) wirtg.";"Valeriana officinalis sambucifolia";97;"Valeriana officinalis sambucifolia";"Plantae";"Tracheophyta";"Magnoliopsida";"Dipsacales";"Caprifoliaceae";"Valeriana";"Valeriana excelsa";"SUBSPECIES"
"437";"veronica anagallis-aquatica l.";"Veronica anagallis-aquatica";99;"Veronica anagallis-aquatica";"Plantae";"Tracheophyta";"Magnoliopsida";"Lamiales";"Plantaginaceae";"Veronica";"Veronica anagallis-aquatica";"SPECIES"
"438";"veronica arvensis l.";"Veronica arvensis";98;"Veronica arvensis";"Plantae";"Tracheophyta";"Magnoliopsida";"Lamiales";"Plantaginaceae";"Veronica";"Veronica arvensis";"SPECIES"
"439";"veronica officinalis l.";"Veronica officinalis";99;"Veronica officinalis";"Plantae";"Tracheophyta";"Magnoliopsida";"Lamiales";"Plantaginaceae";"Veronica";"Veronica officinalis";"SPECIES"
"440";"vicia sativa subsp. nigra ehrh.";"Vicia sativa nigra";97;"Vicia sativa nigra";"Plantae";"Tracheophyta";"Magnoliopsida";"Fabales";"Fabaceae";"Vicia";"Vicia sativa";"SUBSPECIES"
"441";"vicia tenuifolia roth";"Vicia tenuifolia";97;"Vicia tenuifolia";"Plantae";"Tracheophyta";"Magnoliopsida";"Fabales";"Fabaceae";"Vicia";"Vicia tenuifolia";"SPECIES"
"442";"viola odorata l.";"Viola odorata";97;"Viola odorata";"Plantae";"Tracheophyta";"Magnoliopsida";"Malpighiales";"Violaceae";"Viola";"Viola odorata";"SPECIES"
